feature,coefficient,std_err,z_stat,p_value,conf_lower,conf_upper
const,1.30202109733542,0.6610297208744834,1.9696861672315764,0.048874349294079814,0.006426651710867759,2.5976155429599723
1d_return,-7.7287837851682495,6.924312044356142,-1.116180746283353,0.2643447742786673,-21.3001860098232,5.842618439486702
5d_return,-1.603487172102272,6.876884438991581,-0.23317058565221516,0.815628945624423,-15.081932998369705,11.874958654165162
20d_return,2.4382324628954817,3.1384837882168792,0.7768822869340857,0.43722822261036354,-3.7130827280724357,8.589547653863399
percent_ma_gap,0.007943555971944955,0.12471637061083271,0.06369296935950915,0.9492147030198399,-0.2364960387078368,0.25238315065172673
sma_crossover,-0.04609094566663353,0.19873463298825794,-0.2319220609593335,0.8165985494659118,-0.4356036688044048,0.3434217774711378
20d_drawdown,1.1223633025912163,6.427665898917359,0.1746144432896335,0.8613825988459546,-11.47563036394308,13.720356969125513
10d_volatility,-1.3368610868674102,18.225196778453363,-0.07335235405786712,0.9415257313560577,-37.057590383791414,34.3838682100566
volatility_ratio,-0.315356940224096,0.4198050554457357,-0.7511985292536794,0.45253318521732,-1.1381597294255785,0.5074458489773864
volume_zscore,-0.14338882024755722,0.07051831241783217,-2.0333558097357143,0.042016588474685555,-0.2816021728370519,-0.00517546765806251
rsi_14,-0.01093873748410578,0.007305530876218766,-1.4973227366287591,0.13430930152481604,-0.025257314889439907,0.0033798399212283444
