Date, Close/Last ,Volume, Open , High , Low ,
2026-07-28,$740.86 ,"47,322,250",$739.19 ,$742.79 ,$735.98 ,
2026-07-27,$739.09 ,"41,461,190",$744.91 ,$745.53 ,$735.87 ,
2026-07-24,$738.93 ,"44,781,980",$738.51 ,$743.72 ,$737.29 ,
2026-07-23,$738.18 ,"55,437,330",$739.37 ,$742.56 ,$735.21 ,
2026-07-22,$747.41 ,"32,836,200",$746.62 ,$750.02 ,$746.37 ,
2026-07-21,$748.28 ,"34,324,260",$746.29 ,$749.04 ,$744.18 ,
2026-07-20,$742.09 ,"50,422,320",$747.06 ,$748.73 ,$741.51 ,
2026-07-17,$743.29 ,"62,650,960",$742.08 ,$747.29 ,$740.80 ,
2026-07-16,$750.72 ,"46,409,810",$752.76 ,$754.57 ,$747.88 ,
2026-07-15,$754.81 ,"43,844,770",$754.24 ,$755.58 ,$750.20 ,
2026-07-14,$751.83 ,"35,143,140",$750.91 ,$753.34 ,$748.66 ,
2026-07-13,$749.17 ,"44,013,630",$752.47 ,$753.91 ,$748.00 ,
2026-07-10,$754.95 ,"42,191,310",$752.05 ,$755.42 ,$748.10 ,
2026-07-09,$751.71 ,"41,441,720",$747.35 ,$751.97 ,$745.59 ,
2026-07-08,$745.40 ,"43,767,390",$743.16 ,$746.15 ,$739.51 ,
2026-07-07,$747.71 ,"43,721,490",$750.22 ,$750.96 ,$745.21 ,
2026-07-06,$751.28 ,"50,673,310",$748.74 ,$752.41 ,$747.41 ,
2026-07-02,$744.78 ,"57,505,950",$747.40 ,$751.31 ,$740.03 ,
2026-07-01,$745.76 ,"47,100,880",$745.00 ,$749.44 ,$742.38 ,
2026-06-30,$746.77 ,"55,626,040",$741.29 ,$748.02 ,$740.89 ,
2026-06-29,$741.00 ,"58,035,230",$736.53 ,$741.56 ,$732.09 ,
2026-06-26,$728.99 ,"71,033,970",$728.95 ,$736.53 ,$716.58 ,
2026-06-25,$734.30 ,"54,128,070",$738.91 ,$739.37 ,$729.60 ,
2026-06-24,$733.24 ,"57,439,510",$735.17 ,$739.95 ,$730.84 ,
2026-06-23,$733.58 ,"66,846,780",$733.81 ,$739.63 ,$732.30 ,
2026-06-22,$744.39 ,"46,628,070",$747.70 ,$750.18 ,$743.13 ,
2026-06-18,$746.74 ,"80,875,660",$747.76 ,$748.23 ,$743.86 ,
2026-06-17,$740.96 ,"85,945,230",$751.29 ,$752.15 ,$739.22 ,
2026-06-16,$750.33 ,"67,093,140",$754.55 ,$755.44 ,$749.88 ,
2026-06-15,$754.83 ,"60,176,430",$751.85 ,$756.68 ,$751.76 ,
2026-06-12,$741.75 ,"57,079,530",$740.71 ,$744.44 ,$735.03 ,
2026-06-11,$737.76 ,"86,330,520",$728.76 ,$740.00 ,$724.41 ,
2026-06-10,$725.43 ,"60,341,350",$733.39 ,$738.38 ,$725.33 ,
2026-06-09,$737.05 ,"87,683,520",$743.63 ,$746.90 ,$722.59 ,
2026-06-08,$739.22 ,"49,319,140",$743.36 ,$745.34 ,$738.19 ,
2026-06-05,$737.55 ,"93,989,420",$752.31 ,$752.82 ,$735.53 ,
2026-06-04,$757.09 ,"49,923,040",$752.10 ,$758.31 ,$751.47 ,
2026-06-03,$754.24 ,"51,402,520",$758.15 ,$758.80 ,$753.57 ,
2026-06-02,$759.57 ,"31,581,850",$757.03 ,$760.40 ,$756.75 ,
2026-06-01,$758.54 ,"43,634,930",$755.36 ,$760.28 ,$754.69 ,
2026-05-29,$756.48 ,"55,075,740",$755.90 ,$758.08 ,$754.69 ,
2026-05-28,$754.60 ,"41,562,560",$750.25 ,$755.15 ,$749.23 ,
2026-05-27,$750.46 ,"42,106,290",$750.88 ,$751.38 ,$748.22 ,
2026-05-26,$750.59 ,"41,123,620",$750.01 ,$752.13 ,$748.37 ,
2026-05-22,$745.64 ,"41,762,010",$746.24 ,$748.94 ,$744.48 ,
2026-05-21,$742.72 ,"43,332,230",$738.64 ,$744.87 ,$737.03 ,
2026-05-20,$741.25 ,"45,768,040",$735.71 ,$741.87 ,$733.89 ,
2026-05-19,$733.73 ,"54,255,910",$734.78 ,$737.65 ,$731.53 ,
2026-05-18,$738.65 ,"47,843,870",$739.83 ,$741.42 ,$733.39 ,
2026-05-15,$739.17 ,"60,410,770",$741.79 ,$743.46 ,$737.96 ,
2026-05-14,$748.17 ,"45,307,600",$743.65 ,$749.53 ,$743.56 ,
2026-05-13,$742.31 ,"44,200,200",$738.47 ,$743.91 ,$735.47 ,
2026-05-12,$738.18 ,"54,185,270",$736.89 ,$738.84 ,$731.83 ,
2026-05-11,$739.30 ,"44,023,950",$736.45 ,$740.79 ,$736.45 ,
2026-05-08,$737.62 ,"47,227,090",$734.93 ,$738.08 ,$734.57 ,
2026-05-07,$731.58 ,"51,724,640",$735.05 ,$736.13 ,$729.75 ,
2026-05-06,$733.83 ,"53,288,940",$728.16 ,$734.59 ,$727.82 ,
2026-05-05,$723.77 ,"36,933,230",$721.77 ,$725.04 ,$721.49 ,
2026-05-04,$718.01 ,"51,950,560",$720.07 ,$722.12 ,$714.99 ,
2026-05-01,$720.65 ,"43,049,850",$721.25 ,$724.87 ,$720.47 ,
2026-04-30,$718.66 ,"67,240,950",$714.63 ,$719.79 ,$710.45 ,
2026-04-29,$711.58 ,"41,859,230",$711.00 ,$712.20 ,$708.37 ,
2026-04-28,$711.69 ,"43,117,440",$711.82 ,$712.88 ,$709.25 ,
2026-04-27,$715.17 ,"33,135,940",$713.17 ,$715.63 ,$712.30 ,
2026-04-24,$713.94 ,"45,181,960",$710.75 ,$714.47 ,$709.01 ,
2026-04-23,$708.45 ,"56,173,990",$709.50 ,$712.36 ,$702.28 ,
2026-04-22,$711.21 ,"42,518,500",$709.15 ,$711.45 ,$708.22 ,
2026-04-21,$704.08 ,"58,941,380",$710.28 ,$711.28 ,$702.64 ,
2026-04-20,$710.14 ,"43,546,800",$710.14 ,$710.14 ,$710.14 ,
2026-04-17,$710.14 ,"9,999,999",$706.14 ,$712.39 ,$705.76 ,
2026-04-16,$701.66 ,"49,972,360",$701.06 ,$702.78 ,$698.53 ,
2026-04-15,$699.94 ,"58,240,380",$695.26 ,$700.28 ,$694.20 ,
2026-04-14,$694.46 ,"63,480,530",$687.69 ,$694.58 ,$687.66 ,
2026-04-13,$686.10 ,"54,185,820",$677.41 ,$686.30 ,$676.58 ,
2026-04-10,$679.46 ,"42,253,460",$681.32 ,$682.03 ,$678.45 ,
2026-04-09,$679.91 ,"57,134,450",$674.84 ,$681.16 ,$673.77 ,
2026-04-08,$676.01 ,"93,606,110",$676.39 ,$677.08 ,$671.46 ,
2026-04-07,$659.22 ,"69,980,360",$656.65 ,$659.61 ,$651.06 ,
2026-04-06,$658.93 ,"39,105,760",$655.86 ,$659.72 ,$655.52 ,
2026-04-02,$655.83 ,"68,358,710",$646.42 ,$658.20 ,$645.11 ,
2026-04-01,$655.24 ,"97,841,470",$653.90 ,$658.52 ,$653.00 ,
2026-03-31,$650.34 ,"152,534,100",$638.94 ,$651.54 ,$637.98 ,
2026-03-30,$631.97 ,"99,275,850",$640.11 ,$640.37 ,$629.28 ,
2026-03-27,$634.09 ,"103,649,400",$642.50 ,$642.66 ,$633.11 ,
2026-03-26,$645.09 ,"96,494,380",$652.06 ,$654.85 ,$644.82 ,
2026-03-25,$656.82 ,"90,653,790",$658.67 ,$660.89 ,$654.24 ,
2026-03-24,$653.18 ,"96,457,480",$651.32 ,$657.03 ,$649.88 ,
2026-03-23,$655.38 ,"134,802,700",$658.07 ,$662.62 ,$653.94 ,
2026-03-20,$648.57 ,"163,617,500",$656.51 ,$656.69 ,$644.72 ,
2026-03-19,$659.80 ,"111,272,500",$656.97 ,$662.98 ,$655.17 ,
2026-03-18,$661.43 ,"82,062,580",$668.36 ,$669.72 ,$661.19 ,
2026-03-17,$670.79 ,"87,128,040",$672.39 ,$674.44 ,$669.70 ,
2026-03-16,$669.03 ,"82,023,130",$668.38 ,$672.07 ,$667.12 ,
2026-03-13,$662.29 ,"97,200,240",$669.27 ,$672.34 ,$661.36 ,
2026-03-12,$666.06 ,"108,882,200",$671.16 ,$671.65 ,$665.87 ,
2026-03-11,$676.33 ,"68,441,670",$677.58 ,$680.08 ,$673.34 ,
2026-03-10,$677.18 ,"81,505,320",$677.72 ,$683.36 ,$674.76 ,
2026-03-09,$678.27 ,"102,667,700",$666.39 ,$679.92 ,$662.39 ,
2026-03-06,$672.38 ,"100,687,000",$673.41 ,$676.11 ,$669.76 ,
2026-03-05,$681.31 ,"106,606,500",$682.08 ,$685.53 ,$675.61 ,
2026-03-04,$685.13 ,"79,182,240",$681.63 ,$687.09 ,$679.62 ,
2026-03-03,$680.33 ,"105,003,100",$675.06 ,$682.61 ,$669.66 ,
2026-03-02,$686.38 ,"87,477,200",$678.70 ,$688.62 ,$678.02 ,
2026-02-27,$685.99 ,"83,308,870",$683.09 ,$686.86 ,$681.64 ,
2026-02-26,$689.30 ,"71,670,990",$693.28 ,$693.30 ,$684.35 ,
2026-02-25,$693.15 ,"56,369,480",$690.18 ,$693.68 ,$690.10 ,
2026-02-24,$687.35 ,"73,798,730",$681.90 ,$688.35 ,$680.00 ,
2026-02-23,$682.39 ,"90,558,090",$687.83 ,$690.00 ,$680.37 ,
2026-02-20,$689.43 ,"100,034,000",$682.32 ,$690.06 ,$681.73 ,
2026-02-19,$684.48 ,"58,649,360",$683.84 ,$686.18 ,$681.55 ,
2026-02-18,$686.29 ,"73,570,340",$684.02 ,$689.15 ,$682.83 ,
2026-02-17,$682.85 ,"81,354,660",$680.14 ,$684.94 ,$675.78 ,
2026-02-13,$681.75 ,"96,267,490",$681.69 ,$686.28 ,$677.52 ,
2026-02-12,$681.27 ,"118,829,000",$694.24 ,$695.35 ,$680.37 ,
2026-02-11,$691.96 ,"76,353,870",$696.39 ,$697.14 ,$689.18 ,
2026-02-10,$692.12 ,"65,185,730",$694.95 ,$696.54 ,$691.66 ,
2026-02-09,$693.95 ,"73,885,190",$689.42 ,$695.87 ,$688.34 ,
2026-02-06,$690.62 ,"89,127,570",$681.46 ,$692.31 ,$680.85 ,
2026-02-05,$677.62 ,"113,610,800",$680.94 ,$683.69 ,$675.79 ,
2026-02-04,$686.19 ,"105,204,600",$690.35 ,$691.45 ,$681.76 ,
2026-02-03,$689.53 ,"107,904,600",$696.21 ,$696.96 ,$684.03 ,
2026-02-02,$695.41 ,"79,286,520",$689.58 ,$696.93 ,$689.43 ,
2026-01-30,$691.97 ,"101,835,100",$691.79 ,$694.21 ,$687.12 ,
2026-01-29,$694.04 ,"97,486,200",$696.39 ,$697.06 ,$684.83 ,
2026-01-28,$695.42 ,"61,172,170",$697.05 ,$697.84 ,$693.94 ,
2026-01-27,$695.49 ,"55,506,150",$694.18 ,$696.53 ,$693.57 ,
2026-01-26,$692.73 ,"60,473,810",$690.49 ,$694.13 ,$689.92 ,
2026-01-23,$689.23 ,"63,059,580",$688.15 ,$690.96 ,$687.16 ,
2026-01-22,$688.98 ,"77,112,240",$689.85 ,$691.13 ,$686.92 ,
2026-01-21,$685.40 ,"127,844,500",$679.65 ,$688.74 ,$678.13 ,
2026-01-20,$677.58 ,"111,623,300",$681.49 ,$684.77 ,$676.57 ,
2026-01-16,$691.66 ,"79,289,200",$693.66 ,$694.25 ,$690.10 ,
2026-01-15,$692.24 ,"77,861,970",$694.57 ,$695.45 ,$691.25 ,
2026-01-14,$690.36 ,"94,676,680",$691.00 ,$691.72 ,$686.04 ,
2026-01-13,$693.77 ,"78,309,730",$695.49 ,$696.09 ,$691.35 ,
2026-01-12,$695.16 ,"63,976,000",$690.68 ,$696.09 ,$690.63 ,
2026-01-09,$694.07 ,"80,125,470",$690.63 ,$695.31 ,$689.18 ,
2026-01-08,$689.51 ,"64,019,200",$688.82 ,$690.62 ,$687.49 ,
2026-01-07,$689.58 ,"75,588,340",$692.19 ,$693.96 ,$689.32 ,
2026-01-06,$691.81 ,"69,273,830",$687.93 ,$692.32 ,$687.78 ,
2026-01-05,$687.72 ,"71,927,190",$686.54 ,$689.43 ,$686.38 ,
2026-01-02,$683.17 ,"89,377,200",$685.71 ,$686.87 ,$679.82 ,
2025-12-31,$681.92 ,"74,144,800",$687.14 ,$687.36 ,$681.71 ,
2025-12-30,$687.01 ,"47,160,670",$687.45 ,$688.56 ,$686.58 ,
2025-12-29,$687.85 ,"62,559,500",$687.54 ,$689.20 ,$686.07 ,
2025-12-26,$690.31 ,"41,613,350",$690.64 ,$691.66 ,$689.27 ,
2025-12-24,$690.38 ,"39,445,560",$687.95 ,$690.83 ,$687.80 ,
2025-12-23,$687.96 ,"64,839,950",$683.92 ,$688.20 ,$683.87 ,
2025-12-22,$684.83 ,"69,556,730",$683.94 ,$685.36 ,$680.59 ,
2025-12-19,$680.59 ,"103,599,500",$676.59 ,$681.09 ,$676.47 ,
2025-12-18,$676.47 ,"108,650,100",$677.60 ,$680.74 ,$674.90 ,
2025-12-17,$671.40 ,"110,625,200",$679.89 ,$680.44 ,$671.20 ,
2025-12-16,$678.87 ,"122,030,600",$679.23 ,$681.08 ,$674.98 ,
2025-12-15,$680.73 ,"90,810,950",$685.74 ,$685.76 ,$679.25 ,
2025-12-12,$681.76 ,"113,160,300",$688.17 ,$688.88 ,$679.17 ,
2025-12-11,$689.17 ,"86,173,680",$685.14 ,$689.25 ,$682.17 ,
2025-12-10,$687.57 ,"85,671,330",$682.56 ,$688.97 ,$681.31 ,
2025-12-09,$683.04 ,"58,310,060",$683.15 ,$685.39 ,$682.59 ,
2025-12-08,$683.63 ,"55,231,460",$686.59 ,$686.64 ,$681.57 ,
2025-12-05,$685.69 ,"79,241,050",$685.47 ,$688.39 ,$684.58 ,
2025-12-04,$684.39 ,"61,970,340",$685.30 ,$685.37 ,$681.34 ,
2025-12-03,$683.89 ,"57,238,480",$680.57 ,$684.91 ,$679.69 ,
2025-12-02,$681.53 ,"62,953,840",$681.92 ,$683.82 ,$679.33 ,
2025-12-01,$680.27 ,"61,201,190",$678.81 ,$682.99 ,$678.74 ,
2025-11-28,$683.39 ,"49,212,030",$680.86 ,$683.67 ,$680.50 ,
2025-11-26,$679.68 ,"71,879,600",$677.63 ,$681.70 ,$676.72 ,
2025-11-25,$675.02 ,"81,077,090",$668.63 ,$676.21 ,$664.48 ,
2025-11-24,$668.73 ,"80,437,940",$662.69 ,$670.06 ,$661.59 ,
2025-11-21,$659.03 ,"123,956,200",$655.05 ,$664.55 ,$650.85 ,
2025-11-20,$652.53 ,"165,293,500",$672.91 ,$675.56 ,$651.89 ,
2025-11-19,$662.63 ,"94,702,960",$660.78 ,$667.34 ,$658.75 ,
2025-11-18,$660.08 ,"114,467,500",$662.10 ,$665.12 ,$655.86 ,
2025-11-17,$665.67 ,"90,456,110",$669.70 ,$673.71 ,$662.17 ,
2025-11-14,$671.93 ,"96,846,670",$665.38 ,$675.66 ,$663.27 ,
2025-11-13,$672.04 ,"103,457,800",$680.50 ,$680.86 ,$670.52 ,
2025-11-12,$683.38 ,"62,312,480",$684.79 ,$684.96 ,$680.95 ,
2025-11-11,$683.00 ,"58,953,390",$679.95 ,$683.57 ,$678.73 ,
2025-11-10,$681.44 ,"75,842,890",$677.24 ,$682.18 ,$675.03 ,
2025-11-07,$670.97 ,"100,592,400",$667.91 ,$671.08 ,$661.21 ,
2025-11-06,$670.31 ,"85,035,300",$676.47 ,$677.38 ,$668.72 ,
2025-11-05,$677.58 ,"74,402,380",$674.98 ,$680.86 ,$674.17 ,
2025-11-04,$675.24 ,"78,426,970",$676.11 ,$679.96 ,$674.58 ,
2025-11-03,$683.34 ,"57,315,030",$685.67 ,$685.80 ,$679.94 ,
2025-10-31,$682.06 ,"87,164,120",$685.04 ,$685.08 ,$679.24 ,
2025-10-30,$679.83 ,"76,335,750",$683.90 ,$685.94 ,$679.83 ,
2025-10-29,$687.39 ,"85,362,210",$688.72 ,$689.70 ,$682.87 ,
2025-10-28,$687.06 ,"61,738,070",$687.05 ,$688.91 ,$684.83 ,
2025-10-27,$685.24 ,"63,339,790",$682.73 ,$685.54 ,$682.12 ,
2025-10-24,$677.25 ,"74,356,530",$676.46 ,$678.47 ,$675.65 ,
2025-10-23,$671.76 ,"65,604,460",$668.12 ,$672.71 ,$667.80 ,
2025-10-22,$667.80 ,"80,564,010",$672.00 ,$672.00 ,$663.30 ,
2025-10-21,$671.29 ,"56,249,030",$671.44 ,$672.99 ,$669.98 ,
2025-10-20,$671.30 ,"60,493,350",$667.32 ,$672.21 ,$667.27 ,
2025-10-17,$664.39 ,"96,500,870",$659.50 ,$665.76 ,$658.14 ,
2025-10-16,$660.64 ,"110,563,300",$666.82 ,$668.71 ,$657.11 ,
2025-10-15,$665.17 ,"81,702,560",$666.82 ,$670.23 ,$658.93 ,
2025-10-14,$662.23 ,"88,779,560",$657.17 ,$665.83 ,$653.17 ,
2025-10-13,$663.04 ,"79,560,520",$660.65 ,$665.13 ,$659.77 ,
2025-10-10,$653.02 ,"159,422,600",$672.13 ,$673.95 ,$652.84 ,
2025-10-09,$671.16 ,"66,501,940",$673.53 ,$673.94 ,$669.21 ,
2025-10-08,$673.11 ,"60,702,240",$670.25 ,$673.21 ,$669.42 ,
2025-10-07,$669.12 ,"72,020,070",$672.54 ,$672.99 ,$667.67 ,
2025-10-06,$671.61 ,"54,623,260",$671.62 ,$672.51 ,$669.46 ,
2025-10-03,$669.21 ,"70,494,350",$669.99 ,$672.68 ,$668.16 ,
2025-10-02,$669.22 ,"56,895,990",$670.45 ,$670.57 ,$666.78 ,
2025-10-01,$668.45 ,"72,545,370",$663.17 ,$669.37 ,$663.06 ,
2025-09-30,$666.18 ,"86,288,030",$662.93 ,$666.65 ,$661.61 ,
2025-09-29,$663.68 ,"73,499,020",$664.36 ,$665.28 ,$661.86 ,
2025-09-26,$661.82 ,"69,179,210",$659.51 ,$662.37 ,$657.88 ,
2025-09-25,$658.05 ,"89,622,070",$657.94 ,$659.41 ,$654.41 ,
2025-09-24,$661.10 ,"68,082,230",$664.51 ,$664.61 ,$659.67 ,
2025-09-23,$663.21 ,"81,708,870",$666.72 ,$667.34 ,$661.98 ,
2025-09-22,$666.84 ,"69,452,200",$662.20 ,$667.29 ,$662.17 ,
2025-09-19,$663.70 ,"97,945,620",$662.33 ,$664.55 ,$660.37 ,
2025-09-18,$662.26 ,"90,459,240",$661.89 ,$664.89 ,$660.27 ,
2025-09-17,$659.18 ,"101,952,200",$660.01 ,$661.72 ,$654.30 ,
2025-09-16,$660.00 ,"61,168,950",$661.47 ,$661.78 ,$659.21 ,
2025-09-15,$660.91 ,"63,772,410",$659.64 ,$661.04 ,$659.34 ,
2025-09-12,$657.41 ,"72,780,140",$657.60 ,$659.11 ,$656.90 ,
2025-09-11,$657.63 ,"69,934,360",$654.18 ,$658.33 ,$653.59 ,
2025-09-10,$652.21 ,"78,034,530",$653.62 ,$654.55 ,$650.63 ,
2025-09-09,$650.33 ,"66,133,860",$648.97 ,$650.86 ,$647.22 ,
2025-09-08,$648.83 ,"63,133,100",$648.62 ,$649.84 ,$647.23 ,
2025-09-05,$647.24 ,"85,178,940",$651.48 ,$652.21 ,$643.33 ,
2025-09-04,$649.12 ,"65,219,230",$644.42 ,$649.15 ,$643.51 ,
2025-09-03,$643.74 ,"70,820,900",$642.67 ,$644.21 ,$640.46 ,
2025-09-02,$640.27 ,"81,983,550",$637.50 ,$640.49 ,$634.92 ,
2025-08-29,$645.05 ,"74,522,190",$647.47 ,$647.84 ,$643.14 ,
2025-08-28,$648.92 ,"61,519,460",$647.24 ,$649.48 ,$645.34 ,
2025-08-27,$646.63 ,"48,341,070",$644.57 ,$647.37 ,$644.42 ,
2025-08-26,$645.16 ,"51,581,570",$642.20 ,$645.51 ,$641.57 ,
2025-08-25,$642.47 ,"51,274,330",$644.04 ,$645.29 ,$642.35 ,
2025-08-22,$645.31 ,"84,083,210",$637.76 ,$646.50 ,$637.25 ,
2025-08-21,$635.55 ,"54,805,780",$636.28 ,$637.97 ,$633.81 ,
2025-08-20,$638.11 ,"88,890,300",$639.40 ,$639.66 ,$632.95 ,
2025-08-19,$639.81 ,"69,750,730",$643.12 ,$644.11 ,$638.48 ,
2025-08-18,$643.30 ,"43,804,910",$642.86 ,$644.00 ,$642.18 ,
2025-08-15,$643.44 ,"68,592,510",$645.99 ,$646.09 ,$642.52 ,
2025-08-14,$644.95 ,"59,327,470",$642.79 ,$645.62 ,$642.34 ,
2025-08-13,$644.89 ,"60,092,790",$644.91 ,$646.19 ,$642.68 ,
2025-08-12,$642.69 ,"64,821,800",$638.29 ,$642.85 ,$636.79 ,
2025-08-11,$635.92 ,"58,742,300",$637.46 ,$638.95 ,$634.66 ,
2025-08-08,$637.18 ,"64,051,630",$634.06 ,$637.65 ,$633.74 ,
2025-08-07,$632.25 ,"74,205,790",$636.24 ,$636.98 ,$629.11 ,
2025-08-06,$632.78 ,"64,357,530",$629.05 ,$633.44 ,$628.13 ,
2025-08-05,$627.97 ,"68,051,400",$631.79 ,$632.61 ,$627.04 ,
2025-08-04,$631.17 ,"73,218,020",$625.67 ,$631.22 ,$625.58 ,
2025-08-01,$621.72 ,"140,103,600",$626.30 ,$626.34 ,$619.29 ,
2025-07-31,$632.08 ,"103,385,200",$639.46 ,$639.85 ,$630.77 ,
2025-07-30,$634.46 ,"80,418,850",$635.92 ,$637.68 ,$631.54 ,
2025-07-29,$635.26 ,"60,556,280",$638.35 ,$638.67 ,$634.34 ,
2025-07-28,$636.94 ,"54,917,100",$637.48 ,$638.04 ,$635.54 ,
2025-07-25,$637.10 ,"56,865,360",$635.09 ,$637.58 ,$634.84 ,
2025-07-24,$634.42 ,"71,307,130",$634.60 ,$636.15 ,$633.99 ,
2025-07-23,$634.21 ,"70,511,040",$631.55 ,$634.21 ,$629.73 ,
2025-07-22,$628.86 ,"60,046,290",$629.10 ,$629.73 ,$626.19 ,
2025-07-21,$628.77 ,"63,374,980",$628.77 ,$631.54 ,$628.34 ,
2025-07-18,$627.58 ,"65,621,650",$629.30 ,$629.47 ,$626.46 ,
2025-07-17,$628.04 ,"68,885,680",$624.40 ,$628.40 ,$624.18 ,
2025-07-16,$624.22 ,"88,987,510",$623.74 ,$624.73 ,$618.05 ,
2025-07-15,$622.14 ,"74,317,260",$627.52 ,$627.86 ,$622.06 ,
2025-07-14,$624.81 ,"51,898,520",$623.16 ,$625.16 ,$621.80 ,
2025-07-11,$623.62 ,"63,670,230",$622.74 ,$624.86 ,$621.53 ,
2025-07-10,$625.82 ,"57,528,960",$624.20 ,$626.87 ,$623.01 ,
2025-07-09,$624.06 ,"66,113,330",$622.77 ,$624.72 ,$620.91 ,
2025-07-08,$620.34 ,"59,024,590",$621.35 ,$622.11 ,$619.52 ,
2025-07-07,$620.68 ,"74,814,510",$623.36 ,$624.03 ,$617.87 ,
2025-07-03,$625.34 ,"51,065,790",$622.45 ,$626.28 ,$622.43 ,
2025-07-02,$620.45 ,"66,510,370",$617.24 ,$620.49 ,$616.61 ,
2025-07-01,$617.65 ,"70,030,140",$616.36 ,$618.83 ,$615.52 ,
2025-06-30,$617.85 ,"92,502,540",$617.38 ,$619.22 ,$615.04 ,
2025-06-27,$614.91 ,"86,258,400",$612.88 ,$616.39 ,$610.83 ,
2025-06-26,$611.87 ,"78,548,360",$608.99 ,$612.31 ,$608.37 ,
2025-06-25,$607.12 ,"62,114,770",$607.91 ,$608.61 ,$605.54 ,
2025-06-24,$606.78 ,"67,735,290",$604.33 ,$607.85 ,$603.41 ,
2025-06-23,$600.15 ,"87,426,040",$595.04 ,$600.54 ,$591.89 ,
2025-06-20,$594.28 ,"94,051,370",$598.38 ,$599.46 ,$592.86 ,
2025-06-18,$597.44 ,"76,605,030",$598.44 ,$601.22 ,$596.47 ,
2025-06-17,$597.53 ,"82,209,370",$600.21 ,$601.75 ,$596.76 ,
2025-06-16,$602.68 ,"79,984,130",$600.40 ,$604.45 ,$600.22 ,
2025-06-13,$597.00 ,"89,506,000",$598.50 ,$601.85 ,$595.48 ,
2025-06-12,$603.75 ,"64,129,000",$600.01 ,$603.75 ,$599.52 ,
2025-06-11,$601.36 ,"73,658,230",$604.19 ,$605.06 ,$599.27 ,
2025-06-10,$603.08 ,"66,246,970",$600.22 ,$603.47 ,$599.09 ,
2025-06-09,$599.68 ,"53,016,420",$599.72 ,$601.25 ,$598.49 ,
2025-06-06,$599.14 ,"66,588,740",$598.66 ,$600.83 ,$596.86 ,
2025-06-05,$593.05 ,"92,436,400",$597.63 ,$599.00 ,$591.05 ,
2025-06-04,$595.93 ,"57,314,200",$596.96 ,$597.95 ,$595.49 ,
2025-06-03,$596.09 ,"63,606,200",$592.34 ,$597.08 ,$591.85 ,
2025-06-02,$592.71 ,"61,630,500",$587.76 ,$592.79 ,$585.06 ,
2025-05-30,$589.39 ,"90,601,240",$588.93 ,$591.13 ,$583.24 ,
2025-05-29,$590.05 ,"70,073,760",$593.06 ,$593.20 ,$586.07 ,
2025-05-28,$587.73 ,"68,445,510",$591.56 ,$592.77 ,$586.99 ,
2025-05-27,$591.15 ,"72,588,480",$586.07 ,$591.31 ,$578.43 ,
2025-05-23,$579.11 ,"76,029,050",$575.98 ,$581.81 ,$575.60 ,
2025-05-22,$583.09 ,"70,860,420",$582.66 ,$586.62 ,$581.41 ,
2025-05-21,$582.86 ,"95,197,660",$588.44 ,$592.58 ,$581.82 ,
2025-05-20,$592.85 ,"60,614,490",$593.09 ,$594.05 ,$589.60 ,
2025-05-19,$594.85 ,"68,168,510",$588.10 ,$595.54 ,$588.10 ,
2025-05-16,$594.20 ,"76,052,100",$591.25 ,$594.50 ,$589.28 ,
2025-05-15,$590.46 ,"71,268,150",$585.56 ,$590.97 ,$585.10 ,
2025-05-14,$587.59 ,"66,283,530",$587.81 ,$588.98 ,$585.54 ,
2025-05-13,$586.84 ,"67,947,230",$583.41 ,$589.08 ,$582.84 ,
2025-05-12,$582.99 ,"78,993,570",$581.47 ,$583.00 ,$577.04 ,
2025-05-09,$564.34 ,"37,603,430",$566.48 ,$567.50 ,$562.76 ,
2025-05-08,$565.06 ,"65,130,790",$565.24 ,$570.31 ,$561.70 ,
2025-05-07,$561.15 ,"55,733,230",$560.15 ,$563.82 ,$556.04 ,
2025-05-06,$558.80 ,"48,264,710",$557.93 ,$563.35 ,$556.96 ,
2025-05-05,$563.51 ,"38,659,220",$562.57 ,$566.65 ,$561.70 ,
2025-05-02,$566.76 ,"60,717,270",$564.73 ,$568.38 ,$562.38 ,
2025-05-01,$558.47 ,"63,186,150",$560.37 ,$564.07 ,$557.86 ,
2025-04-30,$554.54 ,"93,101,460",$547.57 ,$556.52 ,$541.52 ,
2025-04-29,$554.32 ,"47,775,120",$548.91 ,$555.45 ,$548.55 ,
2025-04-28,$550.85 ,"47,613,760",$551.39 ,$553.55 ,$545.02 ,
2025-04-25,$550.64 ,"61,119,590",$546.65 ,$551.05 ,$543.69 ,
2025-04-24,$546.69 ,"64,150,420",$536.72 ,$547.43 ,$535.45 ,
2025-04-23,$535.42 ,"90,590,660",$540.43 ,$545.43 ,$533.88 ,
2025-04-22,$527.25 ,"75,948,120",$520.14 ,$529.31 ,$519.19 ,
2025-04-21,$513.88 ,"69,368,130",$521.16 ,$521.70 ,$508.46 ,
2025-04-17,$526.41 ,"79,868,080",$527.64 ,$531.17 ,$523.91 ,
2025-04-16,$525.66 ,"83,484,810",$531.68 ,$537.89 ,$520.29 ,
2025-04-15,$537.61 ,"56,892,870",$539.68 ,$543.23 ,$536.81 ,
2025-04-14,$539.12 ,"68,033,990",$544.05 ,$544.28 ,$533.86 ,
2025-04-11,$533.94 ,"97,866,330",$523.01 ,$536.43 ,$520.07 ,
2025-04-10,$524.58 ,"162,331,200",$532.17 ,$533.50 ,$509.32 ,
2025-04-09,$548.62 ,"241,867,300",$493.44 ,$548.62 ,$493.05 ,
2025-04-08,$496.48 ,"165,816,600",$521.86 ,$524.98 ,$489.16 ,
2025-04-07,$504.38 ,"256,611,400",$489.19 ,$523.17 ,$481.80 ,
2025-04-04,$505.28 ,"217,965,100",$523.67 ,$525.87 ,$505.06 ,
2025-04-03,$536.70 ,"125,986,000",$545.11 ,$547.97 ,$536.70 ,
2025-04-02,$564.52 ,"76,014,540",$555.05 ,$567.42 ,$554.81 ,
2025-04-01,$560.97 ,"54,609,640",$557.45 ,$562.94 ,$553.68 ,
2025-03-31,$559.39 ,"95,328,210",$549.83 ,$560.71 ,$546.87 ,
2025-03-28,$555.66 ,"71,662,650",$565.53 ,$566.27 ,$555.07 ,
2025-03-27,$567.08 ,"42,164,250",$567.18 ,$570.90 ,$564.94 ,
2025-03-26,$568.59 ,"52,228,900",$575.19 ,$576.33 ,$567.19 ,
2025-03-25,$575.46 ,"38,355,740",$575.30 ,$576.41 ,$573.69 ,
2025-03-24,$574.08 ,"58,766,800",$570.80 ,$575.15 ,$570.20 ,
2025-03-21,$563.98 ,"83,762,960",$559.28 ,$564.89 ,$558.03 ,
2025-03-20,$565.49 ,"62,958,200",$563.33 ,$570.57 ,$562.60 ,
2025-03-19,$567.13 ,"66,555,990",$562.83 ,$570.95 ,$561.63 ,
2025-03-18,$561.02 ,"66,041,420",$564.80 ,$565.02 ,$559.06 ,
2025-03-17,$567.15 ,"49,008,710",$562.79 ,$569.71 ,$562.35 ,
2025-03-14,$562.81 ,"62,660,320",$556.11 ,$563.83 ,$551.49 ,
2025-03-13,$551.42 ,"74,079,410",$558.49 ,$559.11 ,$549.68 ,
2025-03-12,$558.87 ,"69,588,170",$562.17 ,$563.11 ,$553.69 ,
2025-03-11,$555.92 ,"88,102,110",$559.40 ,$564.02 ,$552.02 ,
2025-03-10,$560.58 ,"99,326,620",$567.59 ,$569.54 ,$555.59 ,
2025-03-07,$575.92 ,"81,158,820",$570.90 ,$577.39 ,$565.63 ,
2025-03-06,$572.71 ,"80,094,870",$575.48 ,$580.17 ,$570.12 ,
2025-03-05,$583.06 ,"71,230,530",$576.69 ,$584.88 ,$573.08 ,
2025-03-04,$576.86 ,"109,648,200",$579.71 ,$585.39 ,$572.25 ,
2025-03-03,$583.77 ,"74,249,200",$596.18 ,$597.34 ,$579.90 ,
2025-02-28,$594.18 ,"88,744,110",$585.56 ,$594.72 ,$582.44 ,
2025-02-27,$585.05 ,"74,196,660",$596.85 ,$598.02 ,$584.65 ,
2025-02-26,$594.54 ,"43,321,580",$595.93 ,$599.58 ,$591.86 ,
2025-02-25,$594.24 ,"58,266,470",$597.15 ,$597.89 ,$589.56 ,
2025-02-24,$597.21 ,"50,737,210",$602.02 ,$603.03 ,$596.49 ,
2025-02-21,$599.94 ,"76,519,820",$610.16 ,$610.30 ,$599.47 ,
2025-02-20,$610.38 ,"36,554,000",$611.54 ,$611.68 ,$607.02 ,
2025-02-19,$612.93 ,"31,011,070",$610.08 ,$613.23 ,$609.56 ,
2025-02-18,$611.49 ,"26,749,030",$610.88 ,$611.49 ,$608.38 ,
2025-02-14,$609.70 ,"26,910,450",$609.94 ,$610.99 ,$609.07 ,
2025-02-13,$609.73 ,"40,921,300",$604.48 ,$609.94 ,$603.20 ,
2025-02-12,$603.36 ,"45,076,080",$599.20 ,$604.55 ,$598.51 ,
2025-02-11,$605.31 ,"30,056,740",$602.55 ,$605.86 ,$602.43 ,
2025-02-10,$604.85 ,"26,048,710",$604.03 ,$605.50 ,$602.74 ,
2025-02-07,$600.77 ,"50,788,520",$606.89 ,$608.13 ,$600.05 ,
2025-02-06,$606.32 ,"35,771,500",$605.99 ,$606.45 ,$602.63 ,
2025-02-05,$604.22 ,"30,653,150",$600.64 ,$604.37 ,$598.58 ,
2025-02-04,$601.78 ,"33,457,820",$597.83 ,$602.30 ,$597.28 ,
2025-02-03,$597.77 ,"65,857,250",$592.67 ,$600.29 ,$590.49 ,
2025-01-31,$601.82 ,"66,671,470",$607.50 ,$609.96 ,$601.05 ,
2025-01-30,$605.04 ,"39,281,260",$603.96 ,$606.60 ,$600.72 ,
2025-01-29,$601.81 ,"37,177,430",$603.72 ,$604.13 ,$599.22 ,
2025-01-28,$604.52 ,"44,433,320",$600.62 ,$605.37 ,$597.25 ,
2025-01-27,$599.37 ,"70,361,130",$594.81 ,$599.69 ,$594.64 ,
2025-01-24,$607.97 ,"34,604,690",$609.81 ,$610.78 ,$606.80 ,
2025-01-23,$609.75 ,"41,152,100",$605.80 ,$609.75 ,$605.52 ,
2025-01-22,$606.44 ,"48,195,970",$605.92 ,$607.82 ,$605.36 ,
2025-01-21,$603.05 ,"42,532,850",$600.67 ,$603.06 ,$598.67 ,
2025-01-17,$597.58 ,"58,070,630",$596.96 ,$599.36 ,$595.61 ,
2025-01-16,$591.64 ,"43,319,660",$594.18 ,$594.35 ,$590.93 ,
2025-01-15,$592.78 ,"56,900,160",$590.33 ,$593.94 ,$589.20 ,
2025-01-14,$582.19 ,"48,420,580",$584.36 ,$585.00 ,$578.35 ,
2025-01-13,$581.39 ,"47,910,060",$575.77 ,$581.75 ,$575.35 ,
2025-01-10,$580.49 ,"73,105,050",$585.88 ,$585.95 ,$578.55 ,
2025-01-08,$589.49 ,"47,304,670",$588.70 ,$590.58 ,$585.20 ,
2025-01-07,$588.63 ,"60,393,050",$597.42 ,$597.75 ,$586.78 ,
2025-01-06,$595.36 ,"47,679,440",$596.27 ,$599.70 ,$593.60 ,
2025-01-03,$591.95 ,"37,888,460",$587.53 ,$592.60 ,$586.43 ,
2025-01-02,$584.64 ,"50,203,980",$589.39 ,$591.13 ,$580.50 ,
2024-12-31,$586.08 ,"57,052,650",$589.91 ,$590.64 ,$584.42 ,
2024-12-30,$588.22 ,"56,578,760",$587.89 ,$591.74 ,$584.41 ,
2024-12-27,$595.01 ,"64,969,310",$597.54 ,$597.78 ,$590.76 ,
2024-12-26,$601.34 ,"41,338,890",$599.50 ,$602.48 ,$598.08 ,
2024-12-24,$601.30 ,"33,160,100",$596.06 ,$601.34 ,$595.47 ,
2024-12-23,$594.69 ,"57,635,830",$590.89 ,$595.30 ,$587.66 ,
2024-12-20,$591.15 ,"125,716,700",$581.77 ,$595.75 ,$580.91 ,
2024-12-19,$586.10 ,"85,919,450",$591.36 ,$593.00 ,$585.85 ,
2024-12-18,$586.28 ,"108,248,700",$603.98 ,$606.41 ,$585.89 ,
2024-12-17,$604.29 ,"55,773,550",$604.19 ,$605.17 ,$602.89 ,
2024-12-16,$606.79 ,"43,695,180",$606.00 ,$607.78 ,$605.21 ,
2024-12-13,$604.21 ,"35,904,730",$606.40 ,$607.13 ,$602.81 ,
2024-12-12,$604.33 ,"31,543,810",$606.58 ,$607.16 ,$604.33 ,
2024-12-11,$607.46 ,"28,677,720",$605.78 ,$608.44 ,$605.50 ,
2024-12-10,$602.80 ,"37,234,520",$605.37 ,$605.80 ,$602.13 ,
2024-12-09,$604.68 ,"34,742,740",$607.69 ,$607.86 ,$604.08 ,
2024-12-06,$607.81 ,"31,241,550",$607.44 ,$609.07 ,$607.02 ,
2024-12-05,$606.66 ,"28,762,180",$607.66 ,$608.48 ,$606.31 ,
2024-12-04,$607.66 ,"42,787,560",$605.63 ,$607.91 ,$604.95 ,
2024-12-03,$603.91 ,"26,906,630",$603.39 ,$604.16 ,$602.34 ,
2024-12-02,$603.63 ,"31,745,990",$602.97 ,$604.32 ,$602.47 ,
2024-11-29,$602.55 ,"30,177,350",$599.66 ,$603.35 ,$599.38 ,
2024-11-27,$598.83 ,"34,000,160",$600.46 ,$600.85 ,$597.28 ,
2024-11-26,$600.65 ,"45,621,290",$598.80 ,$601.33 ,$598.07 ,
2024-11-25,$597.53 ,"42,441,390",$599.52 ,$600.86 ,$595.20 ,
2024-11-22,$595.51 ,"38,226,390",$593.66 ,$596.15 ,$593.15 ,
2024-11-21,$593.67 ,"46,750,290",$593.40 ,$595.12 ,$587.45 ,
2024-11-20,$590.50 ,"50,032,580",$590.38 ,$590.79 ,$584.63 ,
2024-11-19,$590.30 ,"49,412,050",$584.71 ,$591.05 ,$584.03 ,
2024-11-18,$588.15 ,"37,084,080",$586.22 ,$589.49 ,$585.34 ,
2024-11-15,$585.75 ,"75,988,770",$589.72 ,$590.20 ,$583.86 ,
2024-11-14,$593.35 ,"38,904,110",$597.32 ,$597.81 ,$592.65 ,
2024-11-13,$597.19 ,"47,388,640",$597.37 ,$599.23 ,$594.96 ,
2024-11-12,$596.90 ,"43,006,130",$598.68 ,$599.29 ,$594.37 ,
2024-11-11,$598.76 ,"37,586,770",$599.81 ,$600.17 ,$597.00 ,
2024-11-08,$598.19 ,"46,444,890",$596.17 ,$599.64 ,$596.17 ,
2024-11-07,$595.61 ,"47,233,210",$593.08 ,$596.65 ,$593.00 ,
2024-11-06,$591.04 ,"68,181,970",$589.20 ,$591.93 ,$585.39 ,
2024-11-05,$576.70 ,"39,478,320",$570.74 ,$576.74 ,$570.52 ,
2024-11-04,$569.81 ,"38,216,980",$571.18 ,$572.50 ,$567.89 ,
2024-11-01,$571.04 ,"45,667,530",$571.32 ,$575.55 ,$570.62 ,
2024-10-31,$568.64 ,"60,182,450",$575.56 ,$575.63 ,$568.44 ,
2024-10-30,$580.01 ,"41,435,840",$581.29 ,$583.32 ,$579.29 ,
2024-10-29,$581.77 ,"42,899,660",$579.85 ,$582.91 ,$578.43 ,
2024-10-28,$580.83 ,"30,174,700",$582.58 ,$582.71 ,$580.52 ,
2024-10-25,$579.04 ,"47,268,180",$581.51 ,$584.46 ,$578.08 ,
2024-10-24,$579.24 ,"34,979,860",$579.98 ,$580.06 ,$576.57 ,
2024-10-23,$577.99 ,"49,314,570",$581.26 ,$581.71 ,$574.42 ,
2024-10-22,$583.32 ,"34,183,840",$581.05 ,$584.50 ,$580.38 ,
2024-10-21,$583.63 ,"36,439,010",$583.85 ,$584.85 ,$580.60 ,
2024-10-18,$584.59 ,"37,416,800",$584.07 ,$585.39 ,$582.58 ,
2024-10-17,$582.35 ,"34,393,710",$585.91 ,$586.12 ,$582.16 ,
2024-10-16,$582.30 ,"30,725,440",$579.78 ,$582.83 ,$578.96 ,
2024-10-15,$579.78 ,"54,203,640",$584.59 ,$584.90 ,$578.55 ,
2024-10-14,$584.32 ,"36,217,220",$581.22 ,$585.27 ,$580.73 ,
2024-10-11,$579.58 ,"42,267,990",$576.05 ,$580.33 ,$575.91 ,
2024-10-10,$576.13 ,"44,138,060",$575.77 ,$577.58 ,$574.49 ,
2024-10-09,$577.14 ,"37,912,240",$573.16 ,$577.71 ,$572.55 ,
2024-10-08,$573.17 ,"37,398,690",$570.42 ,$573.78 ,$569.53 ,
2024-10-07,$567.80 ,"49,964,690",$571.30 ,$571.96 ,$566.63 ,
2024-10-04,$572.98 ,"43,005,190",$572.35 ,$573.36 ,$568.10 ,
2024-10-03,$567.82 ,"40,846,470",$567.36 ,$569.80 ,$565.49 ,
2024-10-02,$568.86 ,"38,097,800",$567.71 ,$569.90 ,$565.27 ,
2024-10-01,$568.62 ,"72,668,780",$573.40 ,$574.06 ,$566.00 ,
2024-09-30,$573.76 ,"63,655,450",$570.42 ,$574.38 ,$568.08 ,
2024-09-27,$571.47 ,"42,100,930",$573.39 ,$574.22 ,$570.42 ,
2024-09-26,$572.30 ,"48,336,000",$574.38 ,$574.71 ,$569.90 ,
2024-09-25,$570.04 ,"38,428,590",$571.14 ,$571.89 ,$568.91 ,
2024-09-24,$571.30 ,"46,805,670",$570.48 ,$571.36 ,$567.60 ,
2024-09-23,$569.67 ,"44,116,920",$569.34 ,$570.33 ,$568.10 ,
2024-09-20,$568.25 ,"77,503,110",$567.84 ,$569.31 ,$565.17 ,
2024-09-19,$570.98 ,"75,315,470",$571.01 ,$572.88 ,$568.08 ,
2024-09-18,$561.40 ,"59,044,940",$563.74 ,$568.69 ,$560.83 ,
2024-09-17,$563.07 ,"49,320,970",$565.10 ,$566.58 ,$560.80 ,
2024-09-16,$562.84 ,"36,656,120",$561.74 ,$563.11 ,$559.90 ,
2024-09-13,$562.01 ,"39,310,500",$559.71 ,$563.03 ,$559.45 ,
2024-09-12,$559.09 ,"51,892,740",$555.01 ,$559.40 ,$552.74 ,
2024-09-11,$554.42 ,"75,248,610",$548.70 ,$555.36 ,$539.96 ,
2024-09-10,$548.79 ,"36,394,580",$548.36 ,$549.15 ,$543.38 ,
2024-09-09,$546.41 ,"40,445,820",$544.65 ,$547.71 ,$542.68 ,
2024-09-06,$540.36 ,"68,493,810",$549.94 ,$551.60 ,$539.44 ,
2024-09-05,$549.61 ,"44,264,260",$550.89 ,$553.80 ,$547.10 ,
2024-09-04,$550.95 ,"47,224,940",$550.20 ,$554.43 ,$549.46 ,
2024-09-03,$552.08 ,"60,600,110",$560.47 ,$560.81 ,$549.51 ,
2024-08-30,$563.68 ,"62,700,110",$560.77 ,$564.20 ,$557.14 ,
2024-08-29,$558.35 ,"38,715,180",$560.31 ,$563.68 ,$557.18 ,
2024-08-28,$558.30 ,"41,066,020",$561.21 ,$561.65 ,$555.04 ,
2024-08-27,$561.56 ,"32,693,900",$559.49 ,$562.06 ,$558.32 ,
2024-08-26,$560.79 ,"35,788,610",$563.18 ,$563.91 ,$559.05 ,
2024-08-23,$562.13 ,"50,639,390",$559.53 ,$563.09 ,$557.29 ,
2024-08-22,$556.22 ,"56,121,460",$562.56 ,$563.18 ,$554.98 ,
2024-08-21,$560.62 ,"41,514,600",$559.77 ,$562.11 ,$554.73 ,
2024-08-20,$558.70 ,"33,732,260",$559.15 ,$560.84 ,$557.33 ,
2024-08-19,$559.61 ,"39,121,790",$554.73 ,$559.61 ,$553.86 ,
2024-08-16,$554.31 ,"44,430,730",$551.42 ,$555.02 ,$551.26 ,
2024-08-15,$553.07 ,"60,846,810",$549.50 ,$553.36 ,$548.88 ,
2024-08-14,$543.75 ,"42,446,930",$542.85 ,$544.96 ,$540.12 ,
2024-08-13,$542.04 ,"52,333,070",$536.53 ,$542.28 ,$536.28 ,
2024-08-12,$533.27 ,"42,542,070",$534.21 ,$535.73 ,$530.95 ,
2024-08-09,$532.99 ,"45,619,560",$529.81 ,$534.51 ,$528.56 ,
2024-08-08,$530.65 ,"63,276,590",$523.91 ,$531.29 ,$521.84 ,
2024-08-07,$518.66 ,"70,698,340",$528.47 ,$531.59 ,$518.05 ,
2024-08-06,$522.15 ,"84,826,310",$519.22 ,$529.75 ,$517.87 ,
2024-08-05,$517.38 ,"146,267,400",$511.64 ,$523.58 ,$510.27 ,
2024-08-02,$532.90 ,"82,789,070",$535.75 ,$536.99 ,$528.60 ,
2024-08-01,$543.01 ,"76,428,730",$552.57 ,$554.87 ,$539.43 ,
2024-07-31,$550.81 ,"65,663,390",$548.98 ,$553.50 ,$547.58 ,
2024-07-30,$542.00 ,"46,853,630",$546.26 ,$547.34 ,$538.52 ,
2024-07-29,$544.76 ,"39,515,820",$546.02 ,$547.05 ,$542.72 ,
2024-07-26,$544.44 ,"53,763,790",$542.28 ,$547.19 ,$541.49 ,
2024-07-25,$538.41 ,"61,158,290",$541.35 ,$547.46 ,$537.45 ,
2024-07-24,$541.23 ,"74,515,270",$548.86 ,$549.17 ,$540.29 ,
2024-07-23,$553.78 ,"34,439,560",$554.54 ,$556.74 ,$553.28 ,
2024-07-22,$554.65 ,"43,346,720",$553.00 ,$555.27 ,$551.02 ,
2024-07-19,$548.99 ,"65,509,080",$552.42 ,$554.08 ,$547.91 ,
2024-07-18,$552.66 ,"56,270,390",$558.51 ,$559.52 ,$550.43 ,
2024-07-17,$556.94 ,"57,118,960",$558.80 ,$560.51 ,$556.61 ,
2024-07-16,$564.86 ,"36,475,260",$562.87 ,$565.16 ,$562.10 ,
2024-07-15,$561.53 ,"40,584,290",$562.03 ,$564.84 ,$559.63 ,
2024-07-12,$559.99 ,"53,084,410",$557.63 ,$563.67 ,$557.15 ,
2024-07-11,$556.48 ,"53,054,180",$561.44 ,$562.33 ,$555.83 ,
2024-07-10,$561.32 ,"38,701,220",$557.07 ,$561.67 ,$556.77 ,
2024-07-09,$555.82 ,"27,314,130",$556.26 ,$557.18 ,$555.52 ,
2024-07-08,$555.28 ,"36,110,450",$555.44 ,$556.25 ,$554.19 ,
2024-07-05,$554.64 ,"41,488,390",$551.77 ,$555.05 ,$551.12 ,
2024-07-03,$551.46 ,"32,789,910",$548.69 ,$551.83 ,$548.65 ,
2024-07-02,$549.01 ,"40,434,790",$543.70 ,$549.01 ,$543.65 ,
2024-07-01,$545.34 ,"40,297,810",$545.63 ,$545.88 ,$542.52 ,
2024-06-28,$544.22 ,"76,144,540",$547.16 ,$550.28 ,$542.95 ,
2024-06-27,$546.37 ,"35,041,480",$545.37 ,$546.96 ,$544.61 ,
2024-06-26,$545.51 ,"38,550,640",$543.69 ,$546.24 ,$543.03 ,
2024-06-25,$544.83 ,"38,273,350",$543.99 ,$545.20 ,$542.44 ,
2024-06-24,$542.74 ,"45,528,650",$544.33 ,$546.95 ,$542.62 ,
2024-06-21,$544.51 ,"64,513,860",$544.40 ,$545.65 ,$543.02 ,
2024-06-20,$547.00 ,"70,328,230",$549.44 ,$550.12 ,$545.18 ,
2024-06-18,$548.49 ,"41,376,420",$547.16 ,$548.62 ,$546.73 ,
2024-06-17,$547.10 ,"55,839,460",$542.08 ,$548.53 ,$541.61 ,
2024-06-14,$542.78 ,"40,089,900",$540.88 ,$542.81 ,$539.85 ,
2024-06-13,$542.45 ,"44,760,950",$543.15 ,$543.33 ,$539.59 ,
2024-06-12,$541.36 ,"63,251,310",$541.63 ,$544.12 ,$540.30 ,
2024-06-11,$536.95 ,"36,383,410",$534.07 ,$537.01 ,$532.05 ,
2024-06-10,$535.66 ,"35,729,250",$533.18 ,$535.99 ,$532.57 ,
2024-06-07,$534.01 ,"43,224,530",$533.66 ,$536.89 ,$532.54 ,
2024-06-06,$534.66 ,"30,808,530",$534.98 ,$535.42 ,$532.68 ,
2024-06-05,$534.67 ,"47,610,370",$530.77 ,$534.69 ,$528.73 ,
2024-06-04,$528.39 ,"34,632,660",$526.46 ,$529.15 ,$524.96 ,
2024-06-03,$527.80 ,"46,835,700",$529.02 ,$529.31 ,$522.60 ,
2024-05-31,$527.37 ,"90,785,760",$523.59 ,$527.50 ,$518.36 ,
2024-05-30,$522.61 ,"46,468,510",$524.52 ,$525.20 ,$521.33 ,
2024-05-29,$526.10 ,"45,190,320",$525.68 ,$527.31 ,$525.37 ,
2024-05-28,$529.81 ,"36,269,600",$530.27 ,$530.51 ,$527.11 ,
2024-05-24,$529.44 ,"41,291,080",$527.85 ,$530.27 ,$526.88 ,
2024-05-23,$525.96 ,"57,211,200",$532.96 ,$533.07 ,$524.72 ,
2024-05-22,$529.83 ,"48,389,970",$530.65 ,$531.38 ,$527.60 ,
2024-05-21,$531.36 ,"33,437,000",$529.28 ,$531.52 ,$529.07 ,
2024-05-20,$530.06 ,"37,764,210",$529.57 ,$531.56 ,$529.17 ,
2024-05-17,$529.45 ,"59,187,590",$528.81 ,$529.52 ,$527.32 ,
2024-05-16,$528.69 ,"50,244,830",$529.88 ,$531.52 ,$528.54 ,
2024-05-15,$529.78 ,"59,504,900",$525.83 ,$530.08 ,$525.18 ,
2024-05-14,$523.30 ,"57,535,870",$521.11 ,$523.83 ,$520.56 ,
2024-05-13,$520.91 ,"36,716,360",$522.56 ,$522.67 ,$519.74 ,
2024-05-10,$520.84 ,"52,233,170",$521.81 ,$522.64 ,$519.59 ,
2024-05-09,$520.17 ,"43,643,670",$517.38 ,$520.21 ,$516.71 ,
2024-05-08,$517.19 ,"42,047,210",$515.26 ,$517.74 ,$515.14 ,
2024-05-07,$517.14 ,"52,561,300",$517.56 ,$518.57 ,$516.45 ,
2024-05-06,$516.57 ,"47,264,700",$513.75 ,$516.61 ,$513.30 ,
2024-05-03,$511.29 ,"72,756,710",$511.16 ,$512.55 ,$508.56 ,
2024-05-02,$505.03 ,"62,550,180",$504.15 ,$505.89 ,$499.55 ,
2024-05-01,$500.35 ,"80,242,840",$501.38 ,$508.19 ,$499.87 ,
2024-04-30,$501.98 ,"77,483,570",$508.56 ,$509.56 ,$501.98 ,
2024-04-29,$510.06 ,"46,415,450",$510.09 ,$510.75 ,$507.25 ,
2024-04-26,$508.26 ,"64,306,120",$506.35 ,$509.88 ,$505.70 ,
2024-04-25,$503.49 ,"69,122,370",$499.18 ,$504.27 ,$497.49 ,
2024-04-24,$505.41 ,"55,928,080",$506.56 ,$507.37 ,$503.13 ,
2024-04-23,$505.65 ,"64,633,620",$501.78 ,$506.09 ,$499.53 ,
2024-04-22,$499.72 ,"67,961,050",$497.83 ,$502.38 ,$495.43 ,
2024-04-19,$495.16 ,"102,212,600",$499.44 ,$500.46 ,$493.86 ,
2024-04-18,$499.52 ,"74,548,090",$501.98 ,$504.13 ,$498.56 ,
2024-04-17,$500.55 ,"75,910,310",$506.05 ,$506.22 ,$499.12 ,
2024-04-16,$503.53 ,"73,484,020",$504.94 ,$506.50 ,$502.21 ,
2024-04-15,$504.45 ,"92,101,450",$515.13 ,$515.30 ,$503.58 ,
2024-04-12,$510.85 ,"92,561,090",$514.37 ,$515.82 ,$509.08 ,
2024-04-11,$518.00 ,"70,099,010",$515.68 ,$519.48 ,$512.08 ,
2024-04-10,$514.12 ,"82,652,810",$513.48 ,$516.16 ,$512.09 ,
2024-04-09,$519.32 ,"68,124,390",$520.50 ,$520.75 ,$514.35 ,
2024-04-08,$518.72 ,"48,401,750",$519.15 ,$520.18 ,$517.89 ,
2024-04-05,$518.43 ,"74,546,480",$514.46 ,$520.44 ,$514.01 ,
2024-04-04,$513.07 ,"96,858,070",$523.52 ,$523.87 ,$512.76 ,
2024-04-03,$519.41 ,"59,155,760",$517.72 ,$520.95 ,$517.67 ,
2024-04-02,$518.84 ,"74,230,310",$518.24 ,$518.98 ,$516.48 ,
2024-04-01,$522.16 ,"62,477,540",$523.83 ,$524.38 ,$520.97 ,
2024-03-28,$523.07 ,"96,294,890",$523.21 ,$524.61 ,$522.78 ,
2024-03-27,$523.17 ,"82,999,780",$521.71 ,$523.21 ,$519.49 ,
2024-03-26,$518.81 ,"65,463,740",$521.23 ,$521.58 ,$518.40 ,
2024-03-25,$519.77 ,"48,512,110",$519.80 ,$520.95 ,$519.61 ,
2024-03-22,$521.21 ,"79,070,840",$522.11 ,$522.61 ,$520.97 ,
2024-03-21,$522.20 ,"60,256,110",$523.39 ,$524.11 ,$521.91 ,
2024-03-20,$520.48 ,"69,594,570",$515.77 ,$520.62 ,$515.08 ,
2024-03-19,$515.71 ,"60,755,260",$512.15 ,$516.00 ,$511.12 ,
2024-03-18,$512.86 ,"88,893,330",$514.00 ,$515.48 ,$512.44 ,
2024-03-15,$509.83 ,"107,646,300",$510.21 ,$511.70 ,$508.12 ,
2024-03-14,$514.95 ,"110,171,800",$516.97 ,$517.13 ,$511.82 ,
2024-03-13,$515.97 ,"55,104,090",$517.11 ,$517.29 ,$514.49 ,
2024-03-12,$516.78 ,"73,114,440",$513.45 ,$517.38 ,$510.86 ,
2024-03-11,$511.28 ,"62,557,180",$510.48 ,$511.88 ,$508.50 ,
2024-03-08,$511.72 ,"86,532,540",$515.46 ,$518.22 ,$511.13 ,
2024-03-07,$514.81 ,"58,652,090",$513.14 ,$515.89 ,$509.81 ,
2024-03-06,$509.75 ,"68,382,370",$510.55 ,$512.07 ,$508.42 ,
2024-03-05,$507.18 ,"72,855,620",$510.24 ,$510.70 ,$504.91 ,
2024-03-04,$512.30 ,"49,799,260",$512.03 ,$514.20 ,$512.00 ,
2024-03-01,$512.85 ,"76,844,840",$508.98 ,$513.29 ,$508.56 ,
2024-02-29,$508.08 ,"83,924,800",$508.07 ,$509.74 ,$505.35 ,
2024-02-28,$506.26 ,"56,506,630",$505.33 ,$506.86 ,$504.96 ,
2024-02-27,$506.93 ,"48,854,530",$506.70 ,$507.16 ,$504.75 ,
2024-02-26,$505.99 ,"50,386,740",$508.30 ,$508.75 ,$505.86 ,
2024-02-23,$507.85 ,"61,321,820",$509.27 ,$510.13 ,$507.10 ,
2024-02-22,$507.50 ,"76,402,540",$504.01 ,$508.49 ,$503.02 ,
2024-02-21,$497.21 ,"59,603,770",$495.42 ,$497.37 ,$493.56 ,
2024-02-20,$496.76 ,"71,736,740",$497.72 ,$498.41 ,$494.45 ,
2024-02-16,$499.51 ,"75,532,930",$501.70 ,$502.87 ,$498.75 ,
2024-02-15,$502.01 ,"61,682,960",$499.29 ,$502.20 ,$498.80 ,
2024-02-14,$498.57 ,"68,387,830",$496.79 ,$499.07 ,$494.40 ,
2024-02-13,$494.08 ,"113,099,200",$494.53 ,$497.09 ,$490.72 ,
2024-02-12,$500.98 ,"56,502,280",$501.17 ,$503.50 ,$500.24 ,
2024-02-09,$501.20 ,"63,979,380",$498.84 ,$501.65 ,$498.49 ,
2024-02-08,$498.32 ,"52,343,640",$498.10 ,$498.71 ,$497.26 ,
2024-02-07,$498.10 ,"70,556,510",$496.29 ,$498.53 ,$495.36 ,
2024-02-06,$493.98 ,"55,918,600",$493.52 ,$494.32 ,$492.05 ,
2024-02-05,$492.55 ,"75,757,100",$493.70 ,$494.38 ,$490.23 ,
2024-02-02,$494.35 ,"99,228,190",$489.65 ,$496.05 ,$489.30 ,
2024-02-01,$489.20 ,"91,891,640",$484.63 ,$489.23 ,$483.80 ,
2024-01-31,$482.88 ,"126,011,100",$488.62 ,$489.08 ,$482.86 ,
2024-01-30,$490.89 ,"58,618,390",$490.56 ,$491.62 ,$490.11 ,
2024-01-29,$491.27 ,"61,322,750",$487.73 ,$491.42 ,$487.17 ,
2024-01-26,$487.41 ,"76,641,610",$487.59 ,$489.12 ,$486.54 ,
2024-01-25,$488.03 ,"72,524,990",$487.58 ,$488.31 ,$485.39 ,
2024-01-24,$485.39 ,"81,765,040",$487.81 ,$488.77 ,$484.88 ,
2024-01-23,$484.86 ,"49,945,300",$484.01 ,$485.11 ,$482.89 ,
2024-01-22,$483.45 ,"75,844,930",$484.01 ,$485.22 ,$482.78 ,
2024-01-19,$482.43 ,"110,834,500",$477.65 ,$482.72 ,$476.54 ,
2024-01-18,$476.49 ,"91,856,250",$474.01 ,$477.06 ,$472.42 ,
2024-01-17,$472.29 ,"68,843,870",$471.82 ,$472.79 ,$469.87 ,
2024-01-16,$474.93 ,"85,014,870",$475.26 ,$476.61 ,$473.06 ,
2024-01-12,$476.68 ,"58,026,420",$477.84 ,$478.60 ,$475.23 ,
2024-01-11,$476.35 ,"77,940,720",$477.59 ,$478.12 ,$472.26 ,
2024-01-10,$476.56 ,"67,310,640",$474.16 ,$477.45 ,$473.87 ,
2024-01-09,$473.88 ,"65,931,440",$471.87 ,$474.93 ,$471.35 ,
2024-01-08,$474.60 ,"74,879,070",$468.43 ,$474.75 ,$468.30 ,
2024-01-05,$467.92 ,"86,118,910",$467.49 ,$470.44 ,$466.43 ,
2024-01-04,$467.28 ,"84,232,170",$468.30 ,$470.96 ,$467.05 ,
2024-01-03,$468.79 ,"103,585,900",$470.43 ,$471.19 ,$468.17 ,
2024-01-02,$472.65 ,"123,007,800",$472.16 ,$473.67 ,$470.49 ,
2023-12-29,$475.31 ,"122,283,100",$476.49 ,$477.03 ,$473.30 ,
2023-12-28,$476.69 ,"77,158,120",$476.88 ,$477.55 ,$476.26 ,
2023-12-27,$476.51 ,"68,000,310",$475.44 ,$476.66 ,$474.89 ,
2023-12-26,$475.65 ,"55,386,950",$474.07 ,$476.58 ,$473.99 ,
2023-12-22,$473.65 ,"67,160,420",$473.86 ,$475.38 ,$471.70 ,
2023-12-21,$472.70 ,"86,667,470",$471.33 ,$472.98 ,$468.84 ,
2023-12-20,$468.26 ,"102,921,000",$473.96 ,$475.90 ,$467.82 ,
2023-12-19,$474.84 ,"55,761,810",$472.53 ,$474.92 ,$472.45 ,
2023-12-18,$471.97 ,"70,375,290",$470.98 ,$472.98 ,$469.89 ,
2023-12-15,$469.33 ,"141,553,700",$469.49 ,$470.70 ,$467.43 ,
2023-12-14,$472.01 ,"119,026,000",$472.50 ,$473.73 ,$469.25 ,
2023-12-13,$470.50 ,"93,277,960",$464.49 ,$470.76 ,$464.12 ,
2023-12-12,$464.10 ,"68,327,620",$461.63 ,$464.20 ,$460.60 ,
2023-12-11,$461.99 ,"65,002,250",$459.69 ,$462.17 ,$459.47 ,
2023-12-08,$460.20 ,"83,194,400",$457.46 ,$460.75 ,$457.21 ,
2023-12-07,$458.23 ,"66,995,450",$456.91 ,$458.90 ,$456.29 ,
2023-12-06,$454.76 ,"69,124,690",$458.81 ,$458.84 ,$454.31 ,
2023-12-05,$456.60 ,"69,793,470",$455.26 ,$457.59 ,$454.87 ,
2023-12-04,$456.69 ,"72,430,890",$455.60 ,$459.12 ,$454.34 ,
2023-12-01,$459.10 ,"89,183,400",$455.77 ,$459.65 ,$455.16 ,
2023-11-30,$456.40 ,"79,752,700",$455.48 ,$456.76 ,$453.34 ,
2023-11-29,$454.61 ,"63,145,990",$457.15 ,$458.32 ,$454.20 ,
2023-11-28,$454.93 ,"62,115,010",$454.08 ,$456.27 ,$453.50 ,
2023-11-27,$454.48 ,"50,505,990",$454.65 ,$455.49 ,$454.08 ,
2023-11-24,$455.30 ,"29,737,380",$455.07 ,$455.50 ,$454.73 ,
2023-11-22,$455.02 ,"59,446,570",$454.98 ,$456.38 ,$453.89 ,
2023-11-21,$453.27 ,"49,244,640",$453.18 ,$454.13 ,$451.96 ,
2023-11-20,$454.26 ,"70,055,630",$450.53 ,$455.13 ,$450.52 ,
2023-11-17,$450.79 ,"83,193,900",$450.24 ,$451.42 ,$449.29 ,
2023-11-16,$450.23 ,"66,665,800",$449.22 ,$450.56 ,$448.12 ,
2023-11-15,$449.68 ,"77,327,570",$450.11 ,$451.38 ,$448.80 ,
2023-11-14,$448.73 ,"97,176,940",$446.32 ,$450.06 ,$446.09 ,
2023-11-13,$440.19 ,"52,236,070",$439.23 ,$441.33 ,$438.42 ,
2023-11-10,$440.61 ,"89,558,050",$435.98 ,$440.93 ,$433.83 ,
2023-11-09,$433.84 ,"83,174,420",$438.43 ,$438.47 ,$433.40 ,
2023-11-08,$437.25 ,"61,746,030",$437.55 ,$438.09 ,$434.87 ,
2023-11-07,$436.93 ,"64,256,110",$435.69 ,$437.59 ,$434.51 ,
2023-11-06,$435.69 ,"67,831,660",$435.47 ,$436.15 ,$433.68 ,
2023-11-03,$434.69 ,"100,167,800",$433.14 ,$436.29 ,$433.01 ,
2023-11-02,$430.76 ,"94,938,910",$426.58 ,$430.92 ,$426.56 ,
2023-11-01,$422.66 ,"98,068,120",$419.20 ,$423.50 ,$418.65 ,
2023-10-31,$418.20 ,"79,665,150",$416.18 ,$418.53 ,$414.21 ,
2023-10-30,$415.59 ,"86,562,680",$413.56 ,$416.68 ,$412.22 ,
2023-10-27,$410.68 ,"107,367,700",$414.19 ,$414.60 ,$409.21 ,
2023-10-26,$412.55 ,"115,156,800",$416.45 ,$417.33 ,$411.60 ,
2023-10-25,$417.55 ,"94,223,200",$421.89 ,$421.92 ,$417.02 ,
2023-10-24,$423.63 ,"78,564,240",$422.65 ,$424.82 ,$420.74 ,
2023-10-23,$420.46 ,"92,035,100",$419.61 ,$424.45 ,$417.80 ,
2023-10-20,$421.19 ,"123,919,900",$425.98 ,$426.54 ,$421.08 ,
2023-10-19,$426.43 ,"121,323,000",$430.95 ,$432.82 ,$425.73 ,
2023-10-18,$430.21 ,"93,559,800",$434.19 ,$435.18 ,$429.09 ,
2023-10-17,$436.02 ,"75,324,710",$432.81 ,$438.14 ,$432.45 ,
2023-10-16,$436.04 ,"75,433,190",$433.82 ,$437.14 ,$433.57 ,
2023-10-13,$431.50 ,"95,201,130",$435.21 ,$436.45 ,$429.88 ,
2023-10-12,$433.66 ,"81,154,230",$436.95 ,$437.34 ,$431.23 ,
2023-10-11,$436.32 ,"62,451,740",$435.64 ,$436.58 ,$433.18 ,
2023-10-10,$434.54 ,"78,607,270",$432.94 ,$437.22 ,$432.53 ,
2023-10-09,$432.29 ,"80,374,360",$427.58 ,$432.88 ,$427.01 ,
2023-10-06,$429.54 ,"113,273,300",$421.97 ,$431.13 ,$420.60 ,
2023-10-05,$424.50 ,"70,142,740",$424.36 ,$425.37 ,$421.17 ,
2023-10-04,$424.66 ,"87,452,970",$422.07 ,$425.43 ,$420.56 ,
2023-10-03,$421.59 ,"103,760,600",$425.06 ,$427.37 ,$420.18 ,
2023-10-02,$427.31 ,"83,798,600",$426.62 ,$428.60 ,$424.46 ,
2023-09-29,$427.48 ,"115,111,300",$431.67 ,$431.85 ,$425.91 ,
2023-09-28,$428.52 ,"92,258,310",$425.48 ,$430.25 ,$424.87 ,
2023-09-27,$426.05 ,"104,705,800",$427.09 ,$427.67 ,$422.29 ,
2023-09-26,$425.88 ,"96,168,440",$429.09 ,$429.82 ,$425.02 ,
2023-09-25,$432.23 ,"70,874,530",$429.17 ,$432.27 ,$428.72 ,
2023-09-22,$430.42 ,"100,829,700",$432.45 ,$434.10 ,$429.99 ,
2023-09-21,$431.39 ,"104,095,800",$435.70 ,$435.97 ,$431.23 ,
2023-09-20,$438.64 ,"82,562,600",$444.01 ,$444.44 ,$438.43 ,
2023-09-19,$442.71 ,"66,514,650",$442.68 ,$443.29 ,$439.94 ,
2023-09-18,$443.63 ,"55,752,210",$443.05 ,$444.97 ,$442.56 ,
2023-09-15,$443.37 ,"111,848,900",$447.14 ,$447.48 ,$442.92 ,
2023-09-14,$450.36 ,"83,430,810",$449.07 ,$451.08 ,$447.72 ,
2023-09-13,$446.51 ,"60,199,270",$446.22 ,$447.71 ,$445.08 ,
2023-09-12,$445.99 ,"67,565,420",$446.95 ,$448.53 ,$445.39 ,
2023-09-11,$448.45 ,"60,180,120",$448.24 ,$448.77 ,$446.47 ,
2023-09-08,$445.52 ,"62,068,440",$444.90 ,$447.11 ,$444.53 ,
2023-09-07,$444.85 ,"70,355,430",$443.11 ,$445.55 ,$442.75 ,
2023-09-06,$446.22 ,"70,758,510",$448.40 ,$448.51 ,$443.81 ,
2023-09-05,$449.24 ,"55,166,210",$450.73 ,$451.06 ,$449.17 ,
2023-09-01,$451.19 ,"58,944,100",$453.17 ,$453.67 ,$449.68 ,
2023-08-31,$450.35 ,"66,084,560",$451.65 ,$452.83 ,$450.16 ,
2023-08-30,$451.01 ,"69,053,910",$449.51 ,$451.67 ,$448.78 ,
2023-08-29,$449.16 ,"83,081,920",$442.65 ,$449.45 ,$442.46 ,
2023-08-28,$442.76 ,"61,595,390",$442.24 ,$443.40 ,$439.97 ,
2023-08-25,$439.97 ,"102,325,100",$438.68 ,$441.30 ,$435.00 ,
2023-08-24,$436.89 ,"88,517,270",$444.69 ,$445.22 ,$436.86 ,
2023-08-23,$443.03 ,"68,441,020",$439.25 ,$443.67 ,$439.10 ,
2023-08-22,$438.15 ,"65,062,860",$441.18 ,$441.18 ,$437.57 ,
2023-08-21,$439.34 ,"68,718,960",$437.55 ,$440.11 ,$435.32 ,
2023-08-18,$436.50 ,"98,851,960",$433.37 ,$437.57 ,$433.01 ,
2023-08-17,$436.29 ,"95,711,320",$441.16 ,$441.43 ,$435.75 ,
2023-08-16,$439.64 ,"80,107,210",$442.46 ,$444.18 ,$439.53 ,
2023-08-15,$442.89 ,"75,707,530",$446.27 ,$446.64 ,$442.30 ,
2023-08-14,$448.11 ,"47,867,440",$444.70 ,$448.11 ,$444.38 ,
2023-08-11,$445.65 ,"68,690,900",$443.97 ,$446.70 ,$443.35 ,
2023-08-10,$445.91 ,"93,005,500",$448.19 ,$451.70 ,$444.70 ,
2023-08-09,$445.75 ,"78,789,580",$449.03 ,$449.20 ,$444.96 ,
2023-08-08,$448.75 ,"71,361,320",$448.08 ,$450.70 ,$445.27 ,
2023-08-07,$450.71 ,"58,357,460",$448.71 ,$450.87 ,$447.99 ,
2023-08-04,$446.81 ,"100,128,900",$450.72 ,$452.90 ,$446.27 ,
2023-08-03,$448.84 ,"64,419,690",$448.04 ,$450.79 ,$447.37 ,
2023-08-02,$450.13 ,"93,933,370",$453.25 ,$453.52 ,$449.35 ,
2023-08-01,$456.48 ,"55,502,200",$456.27 ,$457.25 ,$455.49 ,
2023-07-31,$457.79 ,"62,040,450",$457.41 ,$458.16 ,$456.05 ,
2023-07-28,$456.92 ,"80,011,790",$455.88 ,$457.78 ,$452.49 ,
2023-07-27,$452.49 ,"92,194,380",$459.02 ,$459.44 ,$451.55 ,
2023-07-26,$455.51 ,"71,052,890",$454.47 ,$456.99 ,$453.38 ,
2023-07-25,$455.44 ,"55,191,240",$453.92 ,$456.74 ,$453.87 ,
2023-07-24,$454.20 ,"54,023,380",$453.37 ,$455.04 ,$452.30 ,
2023-07-21,$452.18 ,"71,275,620",$453.96 ,$454.17 ,$452.17 ,
2023-07-20,$452.18 ,"70,591,640",$454.17 ,$455.10 ,$451.44 ,
2023-07-19,$455.20 ,"65,891,690",$455.01 ,$456.43 ,$454.11 ,
2023-07-18,$454.19 ,"80,744,450",$450.50 ,$454.86 ,$450.05 ,
2023-07-17,$450.84 ,"52,680,220",$449.13 ,$451.93 ,$449.08 ,
2023-07-14,$449.28 ,"69,815,820",$450.48 ,$451.36 ,$448.49 ,
2023-07-13,$449.56 ,"72,425,240",$447.90 ,$450.38 ,$447.45 ,
2023-07-12,$446.02 ,"91,924,530",$446.39 ,$447.48 ,$444.91 ,
2023-07-11,$442.46 ,"64,463,750",$440.45 ,$442.97 ,$439.44 ,
2023-07-10,$439.66 ,"62,443,500",$438.18 ,$439.84 ,$437.59 ,
2023-07-07,$438.55 ,"86,134,180",$438.63 ,$442.64 ,$438.30 ,
2023-07-06,$439.66 ,"80,658,300",$439.42 ,$440.10 ,$437.06 ,
2023-07-05,$443.13 ,"58,418,430",$441.91 ,$443.89 ,$441.90 ,
2023-07-03,$443.79 ,"32,793,380",$442.92 ,$444.08 ,$442.63 ,
2023-06-30,$443.28 ,"104,964,000",$441.44 ,$444.30 ,$441.11 ,
2023-06-29,$438.11 ,"67,882,300",$435.96 ,$438.28 ,$435.54 ,
2023-06-28,$436.39 ,"75,635,980",$435.05 ,$437.44 ,$434.41 ,
2023-06-27,$436.17 ,"72,813,700",$432.35 ,$436.81 ,$431.88 ,
2023-06-26,$431.44 ,"72,823,560",$432.62 ,$434.61 ,$431.19 ,
2023-06-23,$433.21 ,"92,074,540",$432.93 ,$435.06 ,$432.47 ,
2023-06-22,$436.51 ,"70,637,180",$433.95 ,$436.62 ,$433.60 ,
2023-06-21,$434.94 ,"76,982,250",$436.16 ,$436.99 ,$434.33 ,
2023-06-20,$437.18 ,"76,160,360",$437.45 ,$438.37 ,$435.03 ,
2023-06-16,$439.46 ,"114,165,800",$443.02 ,$443.61 ,$438.97 ,
2023-06-15,$442.60 ,"110,303,100",$436.33 ,$443.90 ,$436.23 ,
2023-06-14,$437.18 ,"100,612,100",$437.01 ,$439.06 ,$433.59 ,
2023-06-13,$436.66 ,"95,899,700",$435.32 ,$437.33 ,$434.63 ,
2023-06-12,$433.80 ,"76,256,700",$430.92 ,$433.88 ,$430.17 ,
2023-06-09,$429.90 ,"85,647,270",$429.96 ,$431.99 ,$428.87 ,
2023-06-08,$429.13 ,"61,952,840",$426.62 ,$429.60 ,$425.82 ,
2023-06-07,$426.55 ,"85,373,280",$428.44 ,$429.62 ,$426.11 ,
2023-06-06,$428.03 ,"64,022,180",$426.67 ,$428.58 ,$425.99 ,
2023-06-05,$427.10 ,"65,460,160",$428.28 ,$429.62 ,$426.37 ,
2023-06-02,$427.92 ,"91,426,170",$424.50 ,$428.74 ,$423.95 ,
2023-06-01,$421.82 ,"88,865,020",$418.09 ,$422.92 ,$416.79 ,
2023-05-31,$417.85 ,"110,811,800",$418.28 ,$419.22 ,$416.22 ,
2023-05-30,$420.18 ,"72,215,960",$422.03 ,$422.58 ,$418.74 ,
2023-05-26,$420.02 ,"93,829,980",$415.33 ,$420.77 ,$415.25 ,
2023-05-25,$414.65 ,"90,961,610",$414.74 ,$416.16 ,$412.41 ,
2023-05-24,$411.09 ,"89,213,680",$412.42 ,$412.82 ,$409.88 ,
2023-05-23,$414.09 ,"86,383,490",$417.08 ,$418.72 ,$413.68 ,
2023-05-22,$418.79 ,"60,745,400",$418.64 ,$420.39 ,$417.35 ,
2023-05-19,$418.62 ,"103,793,300",$420.17 ,$420.72 ,$417.35 ,
2023-05-18,$419.23 ,"97,177,200",$414.90 ,$419.67 ,$414.67 ,
2023-05-17,$415.23 ,"87,286,960",$412.35 ,$415.86 ,$410.64 ,
2023-05-16,$410.25 ,"57,705,500",$411.86 ,$412.82 ,$410.24 ,
2023-05-15,$413.01 ,"54,289,380",$412.22 ,$413.43 ,$410.23 ,
2023-05-12,$411.59 ,"70,481,550",$413.42 ,$413.64 ,$409.07 ,
2023-05-11,$412.13 ,"70,157,060",$411.95 ,$412.43 ,$409.97 ,
2023-05-10,$412.85 ,"96,142,920",$413.88 ,$414.54 ,$408.87 ,
2023-05-09,$410.93 ,"49,220,120",$411.13 ,$412.09 ,$410.69 ,
2023-05-08,$412.74 ,"50,046,770",$412.97 ,$413.24 ,$411.28 ,
2023-05-05,$412.63 ,"87,891,790",$408.91 ,$413.72 ,$408.64 ,
2023-05-04,$405.13 ,"94,901,860",$406.93 ,$407.27 ,$403.74 ,
2023-05-03,$408.02 ,"91,531,770",$411.36 ,$413.87 ,$407.77 ,
2023-05-02,$410.84 ,"103,998,500",$414.77 ,$414.82 ,$407.82 ,
2023-05-01,$415.51 ,"62,122,250",$415.47 ,$417.62 ,$415.27 ,
2023-04-28,$415.93 ,"89,433,140",$411.49 ,$415.94 ,$411.43 ,
2023-04-27,$412.41 ,"92,968,370",$407.00 ,$412.69 ,$406.74 ,
2023-04-26,$404.36 ,"80,447,050",$406.72 ,$407.84 ,$403.78 ,
2023-04-25,$406.08 ,"97,766,720",$410.58 ,$411.16 ,$406.02 ,
2023-04-24,$412.63 ,"64,332,100",$411.99 ,$413.07 ,$410.60 ,
2023-04-21,$412.20 ,"73,457,420",$412.19 ,$412.68 ,$410.17 ,
2023-04-20,$411.88 ,"75,840,360",$411.21 ,$413.70 ,$410.27 ,
2023-04-19,$414.14 ,"55,227,330",$412.22 ,$415.08 ,$412.16 ,
2023-04-18,$414.21 ,"63,560,000",$415.58 ,$415.72 ,$412.78 ,
2023-04-17,$413.94 ,"66,436,400",$412.37 ,$413.96 ,$411.09 ,
2023-04-14,$412.46 ,"78,161,500",$412.81 ,$415.09 ,$410.06 ,
2023-04-13,$413.47 ,"85,814,750",$409.18 ,$413.84 ,$407.99 ,
2023-04-12,$408.05 ,"86,420,380",$411.87 ,$412.17 ,$407.44 ,
2023-04-11,$409.72 ,"59,297,950",$410.26 ,$411.18 ,$408.92 ,
2023-04-10,$409.61 ,"63,681,040",$406.61 ,$409.69 ,$405.97 ,
2023-04-06,$409.19 ,"63,743,350",$406.77 ,$409.48 ,$405.68 ,
2023-04-05,$407.60 ,"65,200,240",$407.91 ,$408.70 ,$405.88 ,
2023-04-04,$408.67 ,"66,601,530",$411.62 ,$411.92 ,$407.24 ,
2023-04-03,$410.95 ,"67,391,100",$408.85 ,$411.37 ,$408.44 ,
2023-03-31,$409.39 ,"112,062,600",$404.66 ,$409.70 ,$404.55 ,
2023-03-30,$403.70 ,"69,840,050",$404.09 ,$404.35 ,$401.76 ,
2023-03-29,$401.35 ,"77,497,880",$399.93 ,$401.60 ,$398.68 ,
2023-03-28,$395.60 ,"62,871,680",$395.77 ,$396.49 ,$393.69 ,
2023-03-27,$396.49 ,"74,010,410",$398.12 ,$398.92 ,$395.56 ,
2023-03-24,$395.75 ,"107,770,100",$391.84 ,$395.84 ,$389.40 ,
2023-03-23,$393.17 ,"119,351,300",$395.09 ,$399.29 ,$390.35 ,
2023-03-22,$392.11 ,"111,746,600",$398.73 ,$402.49 ,$392.07 ,
2023-03-21,$398.91 ,"91,524,250",$397.24 ,$399.41 ,$395.58 ,
2023-03-20,$393.74 ,"93,055,780",$390.80 ,$394.17 ,$390.07 ,
2023-03-17,$389.99 ,"140,553,400",$393.22 ,$394.40 ,$388.55 ,
2023-03-16,$396.11 ,"143,753,900",$386.82 ,$396.47 ,$386.29 ,
2023-03-15,$389.28 ,"172,996,900",$385.89 ,$389.49 ,$383.71 ,
2023-03-14,$391.73 ,"149,752,400",$390.50 ,$393.45 ,$387.05 ,
2023-03-13,$385.36 ,"157,790,000",$381.81 ,$390.39 ,$380.65 ,
2023-03-10,$385.91 ,"189,253,000",$390.99 ,$393.16 ,$384.32 ,
2023-03-09,$391.56 ,"111,945,300",$399.74 ,$401.48 ,$390.53 ,
2023-03-08,$398.92 ,"74,746,630",$398.39 ,$399.71 ,$396.59 ,
2023-03-07,$398.27 ,"108,310,600",$404.42 ,$404.67 ,$397.63 ,
2023-03-06,$404.47 ,"72,795,950",$405.05 ,$407.45 ,$404.01 ,
2023-03-03,$404.19 ,"90,119,950",$399.71 ,$404.45 ,$399.03 ,
2023-03-02,$397.81 ,"85,404,730",$392.68 ,$398.69 ,$392.33 ,
2023-03-01,$394.74 ,"99,706,820",$395.41 ,$396.69 ,$393.38 ,
2023-02-28,$396.26 ,"96,438,570",$397.23 ,$399.28 ,$396.15 ,
2023-02-27,$397.73 ,"80,444,740",$399.87 ,$401.29 ,$396.75 ,
2023-02-24,$396.38 ,"108,194,400",$395.42 ,$397.25 ,$393.64 ,
2023-02-23,$400.66 ,"96,242,400",$401.56 ,$402.20 ,$396.25 ,
2023-02-22,$398.54 ,"83,742,290",$399.52 ,$401.13 ,$397.02 ,
2023-02-21,$399.09 ,"82,655,920",$403.06 ,$404.16 ,$398.82 ,
2023-02-17,$407.26 ,"89,257,820",$406.06 ,$407.51 ,$404.05 ,
2023-02-16,$408.28 ,"76,431,470",$408.79 ,$412.91 ,$408.14 ,
2023-02-15,$413.98 ,"61,685,280",$410.35 ,$414.06 ,$409.47 ,
2023-02-14,$412.64 ,"88,389,310",$411.24 ,$415.05 ,$408.51 ,
2023-02-13,$412.83 ,"64,913,540",$408.72 ,$412.97 ,$408.24 ,
2023-02-10,$408.04 ,"70,769,720",$405.86 ,$408.44 ,$405.01 ,
2023-02-09,$407.09 ,"78,694,860",$414.41 ,$414.57 ,$405.81 ,
2023-02-08,$410.65 ,"76,227,460",$413.13 ,$414.53 ,$409.93 ,
2023-02-07,$415.19 ,"90,990,750",$408.87 ,$416.49 ,$407.57 ,
2023-02-06,$409.83 ,"60,295,330",$409.79 ,$411.29 ,$408.10 ,
2023-02-03,$412.35 ,"94,736,780",$411.59 ,$416.97 ,$411.09 ,
2023-02-02,$416.78 ,"101,654,500",$414.86 ,$418.31 ,$412.88 ,
2023-02-01,$410.80 ,"101,459,200",$405.21 ,$413.67 ,$402.35 ,
2023-01-31,$406.48 ,"86,811,790",$401.13 ,$406.53 ,$400.77 ,
2023-01-30,$400.59 ,"74,202,020",$402.80 ,$405.13 ,$400.28 ,
2023-01-27,$405.68 ,"68,346,180",$403.66 ,$408.16 ,$403.44 ,
2023-01-26,$404.75 ,"72,287,430",$403.13 ,$404.92 ,$400.03 ,
2023-01-25,$400.35 ,"84,800,250",$395.95 ,$400.70 ,$393.56 ,
2023-01-24,$400.20 ,"59,524,910",$398.88 ,$401.15 ,$397.64 ,
2023-01-23,$400.63 ,"84,178,800",$396.72 ,$402.65 ,$395.72 ,
2023-01-20,$395.88 ,"91,806,360",$390.10 ,$396.04 ,$388.38 ,
2023-01-19,$388.64 ,"86,958,920",$389.36 ,$391.08 ,$387.26 ,
2023-01-18,$391.49 ,"99,632,260",$399.01 ,$400.12 ,$391.28 ,
2023-01-17,$397.77 ,"62,677,280",$398.48 ,$400.23 ,$397.06 ,
2023-01-13,$398.50 ,"63,903,930",$393.62 ,$399.10 ,$393.34 ,
2023-01-12,$396.96 ,"90,157,700",$396.67 ,$398.49 ,$392.42 ,
2023-01-11,$395.52 ,"68,881,080",$392.23 ,$395.60 ,$391.38 ,
2023-01-10,$390.58 ,"65,358,090",$387.25 ,$390.65 ,$386.27 ,
2023-01-09,$387.86 ,"73,978,070",$390.37 ,$393.70 ,$387.67 ,
2023-01-06,$388.08 ,"104,189,600",$382.61 ,$389.25 ,$379.41 ,
2023-01-05,$379.38 ,"76,970,460",$381.72 ,$381.84 ,$378.76 ,
2023-01-04,$383.76 ,"85,934,100",$383.18 ,$385.88 ,$380.00 ,
2023-01-03,$380.82 ,"74,850,730",$384.37 ,$386.43 ,$377.83 ,
2022-12-30,$382.43 ,"84,022,210",$380.64 ,$382.58 ,$378.43 ,
2022-12-29,$383.44 ,"66,970,880",$379.63 ,$384.35 ,$379.08 ,
2022-12-28,$376.66 ,"70,911,520",$381.33 ,$383.39 ,$376.42 ,
2022-12-27,$381.40 ,"51,638,180",$382.79 ,$383.15 ,$379.65 ,
2022-12-23,$382.91 ,"59,857,330",$379.65 ,$383.06 ,$378.03 ,
2022-12-22,$380.72 ,"100,120,900",$383.05 ,$386.21 ,$374.77 ,
2022-12-21,$386.23 ,"78,167,370",$383.25 ,$387.41 ,$382.69 ,
2022-12-20,$380.54 ,"74,427,240",$379.23 ,$382.23 ,$377.85 ,
2022-12-19,$380.02 ,"79,878,100",$383.47 ,$383.82 ,$378.28 ,
2022-12-16,$383.27 ,"119,858,000",$385.18 ,$386.58 ,$381.04 ,
2022-12-15,$389.63 ,"117,705,900",$394.30 ,$395.25 ,$387.89 ,
2022-12-14,$399.40 ,"108,111,300",$401.61 ,$405.50 ,$396.31 ,
2022-12-13,$401.97 ,"123,782,500",$410.22 ,$410.49 ,$399.07 ,
2022-12-12,$398.95 ,"75,405,840",$394.11 ,$398.95 ,$393.41 ,
2022-12-09,$393.28 ,"81,447,730",$394.94 ,$397.62 ,$393.15 ,
2022-12-08,$396.24 ,"60,737,910",$395.14 ,$397.36 ,$393.27 ,
2022-12-07,$393.16 ,"65,927,900",$392.94 ,$395.64 ,$391.97 ,
2022-12-06,$393.83 ,"77,972,220",$399.42 ,$399.99 ,$391.64 ,
2022-12-05,$399.59 ,"77,289,820",$403.95 ,$404.93 ,$398.17 ,
2022-12-02,$406.91 ,"85,342,730",$402.25 ,$407.86 ,$402.14 ,
2022-12-01,$407.38 ,"76,398,170",$408.77 ,$410.00 ,$404.75 ,
2022-11-30,$407.68 ,"144,566,700",$395.49 ,$407.68 ,$393.48 ,
2022-11-29,$395.23 ,"52,310,040",$396.05 ,$397.30 ,$393.30 ,
2022-11-28,$395.91 ,"68,021,750",$399.09 ,$400.81 ,$395.11 ,
2022-11-25,$402.33 ,"30,545,430",$401.83 ,$402.91 ,$401.54 ,
2022-11-23,$402.42 ,"68,261,630",$399.55 ,$402.93 ,$399.31 ,
2022-11-22,$399.90 ,"60,429,030",$396.63 ,$400.07 ,$395.15 ,
2022-11-21,$394.59 ,"51,243,190",$394.64 ,$395.82 ,$392.66 ,
2022-11-18,$396.03 ,"92,922,450",$397.74 ,$397.81 ,$393.04 ,
2022-11-17,$394.24 ,"74,496,260",$390.46 ,$394.95 ,$390.14 ,
2022-11-16,$395.45 ,"68,508,450",$396.78 ,$397.78 ,$394.79 ,
2022-11-15,$398.49 ,"93,194,450",$401.15 ,$402.31 ,$394.49 ,
2022-11-14,$395.12 ,"71,893,170",$396.66 ,$400.18 ,$394.83 ,
2022-11-11,$398.51 ,"93,839,870",$395.59 ,$399.35 ,$393.61 ,
2022-11-10,$394.69 ,"141,455,800",$388.05 ,$395.04 ,$385.64 ,
2022-11-09,$374.13 ,"78,495,470",$379.93 ,$381.14 ,$373.61 ,
2022-11-08,$382.00 ,"84,641,060",$381.11 ,$385.12 ,$377.72 ,
2022-11-07,$379.95 ,"68,286,950",$377.71 ,$380.57 ,$375.53 ,
2022-11-04,$376.35 ,"103,505,200",$377.00 ,$378.87 ,$370.00 ,
2022-11-03,$371.01 ,"87,100,120",$371.47 ,$374.20 ,$368.79 ,
2022-11-02,$374.87 ,"126,990,400",$383.90 ,$388.63 ,$374.76 ,
2022-11-01,$384.52 ,"85,407,600",$390.14 ,$390.39 ,$383.29 ,
2022-10-31,$386.21 ,"96,631,260",$386.44 ,$388.40 ,$385.26 ,
2022-10-28,$389.02 ,"100,302,000",$379.87 ,$389.52 ,$379.68 ,
2022-10-27,$379.98 ,"81,971,760",$383.07 ,$385.00 ,$379.33 ,
2022-10-26,$382.02 ,"104,087,300",$381.62 ,$387.58 ,$381.35 ,
2022-10-25,$384.92 ,"78,846,350",$378.79 ,$385.25 ,$378.67 ,
2022-10-24,$378.87 ,"85,436,910",$375.89 ,$380.06 ,$373.11 ,
2022-10-21,$374.29 ,"131,038,400",$365.12 ,$374.80 ,$363.54 ,
2022-10-20,$365.41 ,"88,283,090",$368.03 ,$372.67 ,$364.61 ,
2022-10-19,$368.50 ,"79,746,860",$368.99 ,$371.85 ,$365.55 ,
2022-10-18,$371.13 ,"97,162,850",$375.13 ,$375.45 ,$367.52 ,
2022-10-17,$366.82 ,"93,168,230",$364.01 ,$367.98 ,$357.28 ,
2022-10-14,$357.63 ,"123,737,000",$368.55 ,$370.26 ,$356.96 ,
2022-10-13,$365.97 ,"147,254,500",$349.21 ,$367.51 ,$348.11 ,
2022-10-12,$356.56 ,"76,991,800",$358.17 ,$359.82 ,$356.30 ,
2022-10-11,$357.74 ,"92,482,790",$358.24 ,$363.03 ,$355.71 ,
2022-10-10,$360.02 ,"76,042,770",$363.96 ,$364.21 ,$357.67 ,
2022-10-07,$362.79 ,"107,789,500",$368.97 ,$373.29 ,$360.94 ,
2022-10-06,$373.20 ,"82,333,540",$375.62 ,$378.72 ,$372.68 ,
2022-10-05,$377.09 ,"88,065,670",$373.39 ,$379.46 ,$370.95 ,
2022-10-04,$377.97 ,"103,602,800",$372.40 ,$378.00 ,$366.57 ,
2022-10-03,$366.61 ,"89,756,480",$361.08 ,$368.55 ,$359.21 ,
2022-09-30,$357.18 ,"153,711,200",$361.80 ,$365.91 ,$357.04 ,
2022-09-29,$362.79 ,"112,952,300",$366.81 ,$367.11 ,$359.70 ,
2022-09-28,$370.53 ,"110,802,200",$364.38 ,$372.30 ,$362.60 ,
2022-09-27,$363.38 ,"108,294,100",$368.02 ,$370.40 ,$360.87 ,
2022-09-26,$364.31 ,"92,581,240",$366.41 ,$370.21 ,$363.03 ,
2022-09-23,$367.95 ,"122,346,900",$370.58 ,$370.62 ,$363.29 ,
2022-09-22,$374.22 ,"89,472,640",$376.58 ,$378.30 ,$373.44 ,
2022-09-21,$377.39 ,"106,746,600",$386.11 ,$389.31 ,$377.38 ,
2022-09-20,$384.09 ,"77,274,880",$385.06 ,$386.12 ,$381.20 ,
2022-09-19,$388.55 ,"73,278,490",$382.26 ,$388.55 ,$382.18 ,
2022-09-16,$385.56 ,"103,084,800",$384.14 ,$386.25 ,$382.11 ,
2022-09-15,$390.12 ,"87,633,840",$392.96 ,$395.96 ,$388.78 ,
2022-09-14,$394.60 ,"85,023,750",$394.47 ,$396.20 ,$391.12 ,
2022-09-13,$393.10 ,"122,947,100",$401.83 ,$403.10 ,$391.92 ,
2022-09-12,$410.97 ,"69,256,260",$408.78 ,$411.73 ,$408.46 ,
2022-09-09,$406.60 ,"76,706,920",$402.74 ,$407.51 ,$402.46 ,
2022-09-08,$400.38 ,"80,821,680",$395.39 ,$400.86 ,$394.12 ,
2022-09-07,$397.78 ,"70,964,230",$390.43 ,$398.59 ,$390.20 ,
2022-09-06,$390.76 ,"76,637,400",$393.13 ,$394.12 ,$388.42 ,
2022-09-02,$392.24 ,"99,632,150",$400.28 ,$401.56 ,$390.33 ,
2022-09-01,$396.42 ,"78,740,080",$392.89 ,$396.78 ,$390.04 ,
2022-08-31,$395.18 ,"76,029,670",$399.93 ,$401.24 ,$395.04 ,
2022-08-30,$398.21 ,"85,652,440",$403.85 ,$404.10 ,$396.00 ,
2022-08-29,$402.63 ,"65,370,810",$402.20 ,$405.84 ,$401.20 ,
2022-08-26,$405.31 ,"103,087,000",$419.39 ,$419.96 ,$405.25 ,
2022-08-25,$419.51 ,"50,942,250",$415.24 ,$419.56 ,$414.09 ,
2022-08-24,$413.67 ,"49,177,800",$412.11 ,$415.11 ,$411.39 ,
2022-08-23,$412.35 ,"49,105,250",$412.90 ,$415.42 ,$411.77 ,
2022-08-22,$413.35 ,"77,695,640",$417.05 ,$417.23 ,$412.40 ,
2022-08-19,$422.14 ,"68,016,900",$424.98 ,$425.26 ,$421.22 ,
2022-08-18,$427.89 ,"49,023,210",$426.86 ,$428.61 ,$425.50 ,
2022-08-17,$426.65 ,"63,563,390",$425.91 ,$429.50 ,$424.54 ,
2022-08-16,$429.70 ,"59,289,040",$427.73 ,$431.73 ,$426.88 ,
2022-08-15,$428.86 ,"54,048,280",$424.77 ,$429.41 ,$424.71 ,
2022-08-12,$427.10 ,"61,694,540",$422.03 ,$427.21 ,$421.03 ,
2022-08-11,$419.99 ,"59,489,700",$422.99 ,$424.95 ,$419.21 ,
2022-08-10,$419.99 ,"68,665,710",$418.78 ,$420.14 ,$416.72 ,
2022-08-09,$411.35 ,"44,931,770",$412.22 ,$412.75 ,$410.22 ,
2022-08-08,$412.99 ,"54,025,970",$415.25 ,$417.62 ,$411.83 ,
2022-08-05,$413.47 ,"56,814,930",$409.66 ,$414.15 ,$409.60 ,
2022-08-04,$414.17 ,"45,656,570",$414.37 ,$415.09 ,$412.44 ,
2022-08-03,$414.45 ,"67,820,560",$410.30 ,$415.68 ,$410.00 ,
2022-08-02,$408.06 ,"63,435,420",$409.12 ,$413.00 ,$406.82 ,
2022-08-01,$410.77 ,"69,997,470",$409.15 ,$413.41 ,$408.40 ,
2022-07-29,$411.99 ,"87,003,670",$407.58 ,$413.03 ,$406.77 ,
2022-07-28,$406.07 ,"73,966,560",$401.89 ,$406.80 ,$398.15 ,
2022-07-27,$401.04 ,"82,342,110",$394.36 ,$402.88 ,$394.05 ,
2022-07-26,$390.89 ,"52,946,390",$393.84 ,$394.06 ,$389.95 ,
2022-07-25,$395.57 ,"53,631,490",$395.75 ,$396.47 ,$393.21 ,
2022-07-22,$395.09 ,"72,197,330",$398.92 ,$400.18 ,$392.75 ,
2022-07-21,$398.79 ,"64,903,860",$394.16 ,$398.84 ,$391.63 ,
2022-07-20,$394.77 ,"71,843,770",$392.47 ,$396.26 ,$391.03 ,
2022-07-19,$392.27 ,"78,505,970",$386.08 ,$392.87 ,$385.39 ,
2022-07-18,$381.95 ,"63,203,630",$388.38 ,$389.09 ,$380.66 ,
2022-07-15,$385.13 ,"79,060,380",$382.55 ,$385.25 ,$380.54 ,
2022-07-14,$377.91 ,"89,704,820",$373.61 ,$379.05 ,$371.04 ,
2022-07-13,$378.83 ,"84,224,650",$375.10 ,$381.92 ,$374.66 ,
2022-07-12,$380.83 ,"62,219,180",$383.65 ,$386.16 ,$378.99 ,
2022-07-11,$384.23 ,"58,366,950",$385.85 ,$386.87 ,$383.50 ,
2022-07-08,$388.67 ,"72,397,770",$387.27 ,$390.64 ,$385.66 ,
2022-07-07,$388.99 ,"64,525,920",$385.12 ,$389.83 ,$383.27 ,
2022-07-06,$383.25 ,"70,426,240",$382.11 ,$385.87 ,$379.60 ,
2022-07-05,$381.96 ,"81,437,970",$375.88 ,$381.98 ,$372.90 ,
2022-07-01,$381.24 ,"74,839,730",$376.56 ,$381.70 ,$373.80 ,
2022-06-30,$377.25 ,"112,508,300",$376.24 ,$380.66 ,$372.56 ,
2022-06-29,$380.34 ,"65,676,000",$381.23 ,$382.27 ,$378.42 ,
2022-06-28,$380.65 ,"86,689,820",$390.23 ,$393.16 ,$380.53 ,
2022-06-27,$388.59 ,"66,009,620",$391.05 ,$391.36 ,$387.44 ,
2022-06-24,$390.08 ,"98,050,330",$381.40 ,$390.09 ,$381.37 ,
2022-06-23,$378.06 ,"79,292,140",$376.64 ,$378.83 ,$372.89 ,
2022-06-22,$374.39 ,"90,059,420",$370.62 ,$378.72 ,$370.18 ,
2022-06-21,$375.07 ,"76,811,860",$371.89 ,$376.53 ,$371.81 ,
2022-06-17,$365.86 ,"111,113,900",$365.51 ,$369.38 ,$362.17 ,
2022-06-16,$366.65 ,"134,473,300",$370.51 ,$370.94 ,$364.08 ,
2022-06-15,$379.20 ,"125,666,800",$377.36 ,$383.90 ,$372.12 ,
2022-06-14,$373.87 ,"104,011,800",$376.85 ,$377.94 ,$370.59 ,
2022-06-13,$375.00 ,"170,004,900",$379.85 ,$381.81 ,$373.30 ,
2022-06-10,$389.80 ,"132,893,900",$394.88 ,$395.78 ,$389.75 ,
2022-06-09,$401.44 ,"86,289,800",$409.34 ,$411.74 ,$401.44 ,
2022-06-08,$411.22 ,"64,349,970",$413.93 ,$415.82 ,$410.38 ,
2022-06-07,$415.74 ,"59,272,370",$408.10 ,$416.22 ,$407.61 ,
2022-06-06,$411.79 ,"57,508,860",$414.78 ,$416.61 ,$410.55 ,
2022-06-03,$410.54 ,"71,874,280",$412.40 ,$414.04 ,$409.51 ,
2022-06-02,$417.39 ,"79,609,630",$409.42 ,$417.44 ,$407.04 ,
2022-06-01,$409.59 ,"86,585,810",$415.17 ,$416.24 ,$406.93 ,
2022-05-31,$412.93 ,"95,936,980",$413.55 ,$416.46 ,$410.03 ,
2022-05-27,$415.26 ,"84,768,710",$407.91 ,$415.38 ,$407.70 ,
2022-05-26,$405.31 ,"82,168,340",$398.67 ,$407.04 ,$398.45 ,
2022-05-25,$397.37 ,"91,472,870",$392.31 ,$399.45 ,$391.89 ,
2022-05-24,$393.89 ,"91,448,830",$392.56 ,$395.15 ,$386.96 ,
2022-05-23,$396.92 ,"76,414,880",$392.83 ,$397.73 ,$390.38 ,
2022-05-20,$389.63 ,"131,432,200",$393.25 ,$397.03 ,$380.54 ,
2022-05-19,$389.46 ,"98,510,720",$388.62 ,$394.14 ,$387.11 ,
2022-05-18,$391.86 ,"117,674,500",$403.50 ,$403.80 ,$390.55 ,
2022-05-17,$408.32 ,"83,029,710",$406.53 ,$408.57 ,$402.58 ,
2022-05-16,$400.09 ,"78,622,440",$399.98 ,$403.97 ,$397.60 ,
2022-05-13,$401.72 ,"104,174,400",$396.71 ,$403.18 ,$395.61 ,
2022-05-12,$392.34 ,"125,090,800",$389.37 ,$395.80 ,$385.15 ,
2022-05-11,$392.75 ,"142,361,000",$398.07 ,$404.04 ,$391.96 ,
2022-05-10,$399.09 ,"132,497,200",$404.49 ,$406.08 ,$394.82 ,
2022-05-09,$398.17 ,"155,586,100",$405.10 ,$406.41 ,$396.50 ,
2022-05-06,$411.34 ,"151,770,800",$411.10 ,$414.80 ,$405.73 ,
2022-05-05,$413.81 ,"172,929,100",$424.55 ,$425.00 ,$409.44 ,
2022-05-04,$429.06 ,"144,247,900",$417.08 ,$429.66 ,$413.71 ,
2022-05-03,$416.38 ,"100,028,200",$415.01 ,$418.93 ,$413.36 ,
2022-05-02,$414.48 ,"158,312,500",$412.07 ,$415.92 ,$405.02 ,
2022-04-29,$412.00 ,"145,491,100",$423.59 ,$425.87 ,$411.21 ,
2022-04-28,$427.81 ,"105,449,100",$422.29 ,$429.64 ,$417.60 ,
2022-04-27,$417.27 ,"122,030,000",$417.24 ,$422.92 ,$415.01 ,
2022-04-26,$416.10 ,"103,996,300",$425.83 ,$426.04 ,$416.07 ,
2022-04-25,$428.51 ,"119,647,700",$423.67 ,$428.69 ,$418.84 ,
2022-04-22,$426.04 ,"132,471,800",$436.91 ,$438.08 ,$425.44 ,
2022-04-21,$438.06 ,"85,417,330",$448.54 ,$450.01 ,$437.10 ,
2022-04-20,$444.71 ,"65,224,450",$446.92 ,$447.57 ,$443.48 ,
2022-04-19,$445.04 ,"77,821,010",$437.86 ,$445.80 ,$437.68 ,
2022-04-18,$437.97 ,"66,002,500",$436.81 ,$439.75 ,$435.61 ,
2022-04-14,$437.79 ,"97,869,450",$443.55 ,$444.73 ,$437.68 ,
2022-04-13,$443.31 ,"74,070,390",$438.03 ,$444.11 ,$437.84 ,
2022-04-12,$438.29 ,"84,363,640",$443.08 ,$445.75 ,$436.65 ,
2022-04-11,$439.92 ,"89,770,540",$444.11 ,$445.00 ,$439.39 ,
2022-04-08,$447.57 ,"79,272,710",$447.97 ,$450.63 ,$445.94 ,
2022-04-07,$448.77 ,"78,097,210",$445.59 ,$450.69 ,$443.53 ,
2022-04-06,$446.52 ,"106,898,000",$446.89 ,$448.93 ,$443.47 ,
2022-04-05,$451.03 ,"74,214,500",$455.22 ,$457.83 ,$449.82 ,
2022-04-04,$456.80 ,"59,601,000",$453.13 ,$456.91 ,$452.26 ,
2022-04-01,$452.92 ,"89,048,770",$453.31 ,$453.46 ,$449.14 ,
2022-03-31,$451.64 ,"121,699,900",$457.89 ,$458.76 ,$451.16 ,
2022-03-30,$458.70 ,"79,666,940",$460.34 ,$461.20 ,$456.47 ,
2022-03-29,$461.55 ,"86,581,540",$460.02 ,$462.07 ,$457.18 ,
2022-03-28,$455.91 ,"68,529,770",$452.06 ,$455.91 ,$450.06 ,
2022-03-25,$452.69 ,"77,101,320",$451.16 ,$452.98 ,$448.43 ,
2022-03-24,$450.49 ,"64,736,890",$445.94 ,$450.50 ,$444.76 ,
2022-03-23,$443.80 ,"79,426,100",$446.91 ,$448.49 ,$443.71 ,
2022-03-22,$449.59 ,"74,650,390",$445.86 ,$450.58 ,$445.86 ,
2022-03-21,$444.39 ,"88,349,760",$444.34 ,$446.46 ,$440.68 ,
2022-03-18,$444.52 ,"106,345,500",$438.00 ,$444.86 ,$437.22 ,
2022-03-17,$441.07 ,"102,676,900",$433.59 ,$441.07 ,$433.19 ,
2022-03-16,$435.62 ,"144,954,800",$429.89 ,$435.68 ,$424.80 ,
2022-03-15,$426.17 ,"106,219,100",$419.77 ,$426.84 ,$418.42 ,
2022-03-14,$417.00 ,"95,729,190",$420.89 ,$424.55 ,$415.79 ,
2022-03-11,$420.07 ,"95,636,280",$428.12 ,$428.77 ,$419.53 ,
2022-03-10,$425.48 ,"93,972,660",$422.52 ,$426.43 ,$420.44 ,
2022-03-09,$427.41 ,"116,990,800",$425.14 ,$429.51 ,$422.82 ,
2022-03-08,$416.25 ,"164,772,700",$419.62 ,$427.21 ,$415.12 ,
2022-03-07,$419.43 ,"137,896,600",$431.55 ,$432.30 ,$419.36 ,
2022-03-04,$432.17 ,"114,083,300",$431.75 ,$433.37 ,$427.88 ,
2022-03-03,$435.71 ,"105,501,700",$440.47 ,$441.11 ,$433.80 ,
2022-03-02,$437.89 ,"117,726,500",$432.37 ,$439.72 ,$431.57 ,
2022-03-01,$429.98 ,"137,785,900",$435.04 ,$437.17 ,$427.11 ,
2022-02-28,$436.63 ,"145,615,000",$432.03 ,$438.20 ,$430.70 ,
2022-02-25,$437.75 ,"121,804,500",$429.61 ,$437.84 ,$427.86 ,
2022-02-24,$428.30 ,"213,942,900",$411.02 ,$428.76 ,$410.64 ,
2022-02-23,$421.95 ,"132,578,000",$432.66 ,$433.26 ,$421.35 ,
2022-02-22,$429.57 ,"124,391,800",$431.89 ,$435.50 ,$425.86 ,
2022-02-18,$434.23 ,"132,642,900",$437.33 ,$438.66 ,$431.82 ,
2022-02-17,$437.06 ,"102,259,100",$443.22 ,$446.57 ,$436.42 ,
2022-02-16,$446.60 ,"84,863,590",$443.93 ,$448.06 ,$441.94 ,
2022-02-15,$446.10 ,"88,659,500",$443.73 ,$446.28 ,$443.18 ,
2022-02-14,$439.02 ,"123,006,300",$439.92 ,$441.60 ,$435.34 ,
2022-02-11,$440.46 ,"153,214,600",$449.41 ,$451.61 ,$438.94 ,
2022-02-10,$449.32 ,"140,103,700",$451.34 ,$457.71 ,$447.20 ,
2022-02-09,$457.54 ,"92,589,930",$455.22 ,$457.88 ,$455.01 ,
2022-02-08,$450.94 ,"81,012,040",$446.73 ,$451.92 ,$445.22 ,
2022-02-07,$447.26 ,"84,472,860",$449.51 ,$450.99 ,$445.85 ,
2022-02-04,$448.70 ,"118,454,400",$446.35 ,$452.78 ,$443.83 ,
2022-02-03,$446.60 ,"118,024,400",$450.95 ,$452.97 ,$445.71 ,
2022-02-02,$457.35 ,"117,361,000",$455.50 ,$458.12 ,$453.05 ,
2022-02-01,$452.95 ,"123,155,400",$450.68 ,$453.63 ,$446.94 ,
2022-01-31,$449.91 ,"152,251,400",$441.24 ,$450.28 ,$439.81 ,
2022-01-28,$441.95 ,"164,457,400",$432.68 ,$442.00 ,$427.82 ,
2022-01-27,$431.24 ,"149,878,300",$438.26 ,$441.59 ,$429.45 ,
2022-01-26,$433.38 ,"186,391,100",$440.72 ,$444.04 ,$428.86 ,
2022-01-25,$434.47 ,"167,997,300",$433.06 ,$439.72 ,$427.15 ,
2022-01-24,$439.84 ,"252,496,700",$432.03 ,$440.38 ,$420.76 ,
2022-01-21,$437.98 ,"202,271,200",$445.56 ,$448.06 ,$437.95 ,
2022-01-20,$446.75 ,"122,379,700",$453.75 ,$458.74 ,$444.50 ,
2022-01-19,$451.75 ,"109,357,600",$458.13 ,$459.61 ,$451.46 ,
2022-01-18,$456.49 ,"109,872,400",$459.74 ,$459.96 ,$455.31 ,
2022-01-14,$464.72 ,"95,890,950",$461.19 ,$465.09 ,$459.90 ,
2022-01-13,$464.53 ,"91,173,120",$472.19 ,$472.88 ,$463.44 ,
2022-01-12,$471.02 ,"67,605,440",$471.59 ,$473.20 ,$468.94 ,
2022-01-11,$469.75 ,"74,303,060",$465.23 ,$469.85 ,$462.05 ,
2022-01-10,$465.51 ,"119,362,000",$462.70 ,$465.74 ,$456.60 ,
2022-01-07,$466.09 ,"85,111,590",$467.95 ,$469.20 ,$464.65 ,
2022-01-06,$467.94 ,"86,858,900",$467.89 ,$470.82 ,$465.43 ,
2022-01-05,$468.38 ,"104,538,900",$477.16 ,$477.98 ,$468.28 ,
2022-01-04,$477.55 ,"71,178,680",$479.22 ,$479.98 ,$475.58 ,
2022-01-03,$477.71 ,"72,668,230",$476.30 ,$477.85 ,$473.85 ,
2021-12-31,$474.96 ,"65,237,430",$475.64 ,$476.86 ,$474.67 ,
2021-12-30,$476.16 ,"55,329,040",$477.93 ,$479.00 ,$475.67 ,
2021-12-29,$477.48 ,"54,502,960",$476.98 ,$478.56 ,$475.92 ,
2021-12-28,$476.87 ,"47,274,590",$477.72 ,$478.81 ,$476.06 ,
2021-12-27,$477.26 ,"56,808,620",$472.06 ,$477.31 ,$472.01 ,
2021-12-23,$470.60 ,"56,439,750",$468.75 ,$472.19 ,$468.64 ,
2021-12-22,$467.69 ,"58,890,220",$462.79 ,$467.81 ,$462.58 ,
2021-12-21,$463.06 ,"69,806,260",$458.61 ,$463.21 ,$456.31 ,
2021-12-20,$454.98 ,"107,134,800",$454.48 ,$455.40 ,$451.14 ,
2021-12-17,$459.87 ,"135,636,500",$461.55 ,$464.74 ,$458.06 ,
2021-12-16,$466.45 ,"116,568,600",$472.57 ,$472.87 ,$464.80 ,
2021-12-15,$470.60 ,"116,899,300",$463.42 ,$470.86 ,$460.74 ,
2021-12-14,$463.36 ,"97,264,130",$463.09 ,$465.74 ,$460.25 ,
2021-12-13,$466.57 ,"87,724,680",$470.19 ,$470.56 ,$466.27 ,
2021-12-10,$470.74 ,"77,159,760",$469.23 ,$470.90 ,$466.51 ,
2021-12-09,$466.35 ,"61,272,570",$468.15 ,$469.63 ,$466.14 ,
2021-12-08,$469.52 ,"72,238,780",$468.70 ,$470.00 ,$466.83 ,
2021-12-07,$468.28 ,"95,484,690",$464.41 ,$468.88 ,$458.65 ,
2021-12-06,$458.79 ,"98,977,530",$456.13 ,$460.79 ,$453.56 ,
2021-12-03,$453.42 ,"137,331,600",$459.17 ,$460.30 ,$448.92 ,
2021-12-02,$457.40 ,"127,637,800",$450.73 ,$459.07 ,$450.31 ,
2021-12-01,$450.50 ,"132,485,800",$461.64 ,$464.67 ,$450.29 ,
2021-11-30,$455.56 ,"148,559,600",$462.00 ,$464.03 ,$455.30 ,
2021-11-29,$464.60 ,"86,268,820",$464.07 ,$466.56 ,$461.73 ,
2021-11-26,$458.97 ,"112,669,600",$462.34 ,$463.90 ,$457.77 ,
2021-11-24,$469.44 ,"61,858,810",$466.06 ,$469.57 ,$465.19 ,
2021-11-23,$468.19 ,"73,206,540",$467.22 ,$469.10 ,$464.45 ,
2021-11-22,$467.57 ,"72,761,950",$470.89 ,$473.54 ,$467.35 ,
2021-11-19,$468.89 ,"57,315,570",$469.61 ,$470.94 ,$468.50 ,
2021-11-18,$469.73 ,"50,625,610",$469.24 ,$470.01 ,$466.34 ,
2021-11-17,$468.14 ,"47,858,290",$469.00 ,$469.19 ,$467.48 ,
2021-11-16,$469.28 ,"48,857,500",$467.15 ,$470.49 ,$467.07 ,
2021-11-15,$467.43 ,"46,980,500",$468.64 ,$468.81 ,$466.23 ,
2021-11-12,$467.27 ,"53,466,650",$465.12 ,$467.86 ,$464.11 ,
2021-11-11,$463.77 ,"34,848,500",$465.21 ,$465.29 ,$463.75 ,
2021-11-10,$463.62 ,"69,429,650",$465.58 ,$467.38 ,$462.04 ,
2021-11-09,$467.38 ,"51,149,150",$469.32 ,$469.57 ,$465.88 ,
2021-11-08,$468.93 ,"50,405,190",$469.70 ,$470.23 ,$468.20 ,
2021-11-05,$468.53 ,"66,390,560",$469.28 ,$470.65 ,$466.92 ,
2021-11-04,$466.91 ,"52,847,090",$465.36 ,$467.00 ,$464.99 ,
2021-11-03,$464.72 ,"52,509,830",$461.30 ,$465.15 ,$460.83 ,
2021-11-02,$461.90 ,"48,908,420",$460.22 ,$462.23 ,$460.08 ,
2021-11-01,$460.04 ,"48,433,640",$460.30 ,$460.70 ,$458.20 ,
2021-10-29,$459.25 ,"70,162,420",$455.87 ,$459.56 ,$455.56 ,
2021-10-28,$458.32 ,"51,437,940",$455.46 ,$458.40 ,$455.45 ,
2021-10-27,$453.94 ,"72,438,000",$456.45 ,$457.16 ,$453.86 ,
2021-10-26,$455.96 ,"56,075,120",$457.20 ,$458.49 ,$455.56 ,
2021-10-25,$455.55 ,"45,214,510",$454.28 ,$455.90 ,$452.39 ,
2021-10-22,$453.12 ,"58,845,090",$453.13 ,$454.67 ,$451.05 ,
2021-10-21,$453.59 ,"41,305,440",$451.77 ,$453.83 ,$451.31 ,
2021-10-20,$452.41 ,"49,571,570",$451.13 ,$452.73 ,$451.01 ,
2021-10-19,$450.64 ,"46,996,830",$448.92 ,$450.71 ,$448.27 ,
2021-10-18,$447.19 ,"62,213,230",$443.97 ,$447.55 ,$443.27 ,
2021-10-15,$445.87 ,"66,260,210",$444.75 ,$446.26 ,$444.09 ,
2021-10-14,$442.50 ,"70,236,830",$439.08 ,$442.66 ,$438.58 ,
2021-10-13,$435.18 ,"72,973,980",$434.71 ,$436.05 ,$431.54 ,
2021-10-12,$433.62 ,"71,181,160",$435.67 ,$436.10 ,$432.78 ,
2021-10-11,$434.69 ,"65,233,290",$437.16 ,$440.26 ,$434.62 ,
2021-10-08,$437.86 ,"74,557,400",$439.48 ,$439.89 ,$437.19 ,
2021-10-07,$438.66 ,"72,437,500",$438.39 ,$441.68 ,$438.20 ,
2021-10-06,$434.90 ,"113,032,200",$429.27 ,$435.12 ,$427.54 ,
2021-10-05,$433.10 ,"90,682,520",$430.24 ,$435.49 ,$429.39 ,
2021-10-04,$428.64 ,"128,570,000",$433.00 ,$433.96 ,$426.36 ,
2021-10-01,$434.24 ,"129,240,100",$430.98 ,$436.03 ,$427.23 ,
2021-09-30,$429.14 ,"140,506,000",$436.02 ,$436.77 ,$428.78 ,
2021-09-29,$434.45 ,"82,329,210",$435.19 ,$437.04 ,$433.85 ,
2021-09-28,$433.72 ,"130,436,300",$439.69 ,$440.04 ,$432.94 ,
2021-09-27,$442.64 ,"61,371,110",$442.81 ,$444.05 ,$441.90 ,
2021-09-24,$443.91 ,"62,094,840",$441.44 ,$444.67 ,$441.21 ,
2021-09-23,$443.18 ,"76,395,980",$439.85 ,$444.89 ,$439.60 ,
2021-09-22,$437.86 ,"102,350,100",$436.05 ,$440.03 ,$433.75 ,
2021-09-21,$433.63 ,"92,526,110",$436.53 ,$437.91 ,$433.07 ,
2021-09-20,$434.04 ,"166,445,500",$434.88 ,$436.56 ,$428.86 ,
2021-09-17,$441.40 ,"118,425,000",$444.92 ,$445.37 ,$441.02 ,
2021-09-16,$447.17 ,"77,786,740",$447.32 ,$448.36 ,$444.02 ,
2021-09-15,$447.88 ,"78,792,220",$444.62 ,$448.41 ,$443.44 ,
2021-09-14,$444.17 ,"78,197,140",$448.12 ,$448.34 ,$443.22 ,
2021-09-13,$446.58 ,"83,738,650",$448.64 ,$448.92 ,$444.11 ,
2021-09-10,$445.44 ,"89,948,170",$451.04 ,$451.49 ,$445.31 ,
2021-09-09,$448.98 ,"57,970,410",$450.70 ,$452.57 ,$448.72 ,
2021-09-08,$450.91 ,"56,181,910",$450.89 ,$451.67 ,$448.86 ,
2021-09-07,$451.46 ,"51,671,530",$452.71 ,$452.81 ,$450.74 ,
2021-09-03,$453.08 ,"47,234,360",$451.98 ,$453.63 ,$451.55 ,
2021-09-02,$453.19 ,"42,830,870",$453.32 ,$454.05 ,$451.91 ,
2021-09-01,$451.80 ,"48,721,380",$452.56 ,$453.11 ,$451.55 ,
2021-08-31,$451.56 ,"59,300,210",$452.13 ,$452.49 ,$450.92 ,
2021-08-30,$452.23 ,"48,357,360",$450.97 ,$453.07 ,$450.71 ,
2021-08-27,$450.25 ,"77,235,110",$447.12 ,$450.65 ,$447.06 ,
2021-08-26,$446.26 ,"57,829,570",$448.61 ,$448.86 ,$446.16 ,
2021-08-25,$448.91 ,"40,529,710",$448.17 ,$449.46 ,$447.77 ,
2021-08-24,$447.97 ,"38,744,710",$447.97 ,$448.54 ,$447.42 ,
2021-08-23,$447.26 ,"54,973,040",$445.16 ,$448.23 ,$443.44 ,
2021-08-20,$443.36 ,"72,008,710",$440.23 ,$443.71 ,$439.71 ,
2021-08-19,$439.86 ,"92,812,250",$436.27 ,$441.14 ,$436.12 ,
2021-08-18,$439.18 ,"89,351,930",$442.96 ,$444.63 ,$438.92 ,
2021-08-17,$444.04 ,"92,673,930",$444.24 ,$444.96 ,$440.85 ,
2021-08-16,$446.97 ,"73,930,860",$444.53 ,$447.11 ,$442.87 ,
2021-08-13,$445.92 ,"39,470,250",$445.59 ,$445.94 ,$445.07 ,
2021-08-12,$445.11 ,"38,942,420",$443.62 ,$445.26 ,$442.66 ,
2021-08-11,$443.78 ,"44,034,340",$443.82 ,$443.88 ,$442.62 ,
2021-08-10,$442.68 ,"43,339,280",$442.61 ,$443.44 ,$441.88 ,
2021-08-09,$442.13 ,"41,222,590",$442.46 ,$442.80 ,$441.31 ,
2021-08-06,$442.49 ,"46,930,010",$442.10 ,$442.94 ,$441.80 ,
2021-08-05,$441.76 ,"38,969,660",$440.22 ,$441.85 ,$439.88 ,
2021-08-04,$438.98 ,"46,732,210",$439.78 ,$441.12 ,$438.73 ,
2021-08-03,$441.15 ,"58,053,900",$438.44 ,$441.28 ,$436.10 ,
2021-08-02,$437.59 ,"58,783,300",$440.34 ,$440.93 ,$437.21 ,
2021-07-30,$438.51 ,"68,951,200",$437.91 ,$440.06 ,$437.77 ,
2021-07-29,$440.65 ,"47,435,340",$439.82 ,$441.80 ,$439.81 ,
2021-07-28,$438.83 ,"52,472,360",$439.68 ,$440.30 ,$437.31 ,
