date,actual,predicted_prob,baseline_pred,predicted_class
2025-08-05,1.0,0.5888144992142205,1,1
2025-08-06,1.0,0.572077475539855,1,1
2025-08-07,1.0,0.5654788026548341,1,1
2025-08-08,1.0,0.5612006956551905,1,1
2025-08-11,1.0,0.5959231682962044,1,1
2025-08-12,0.0,0.5551307656207007,1,1
2025-08-13,0.0,0.570589447423028,1,1
2025-08-14,0.0,0.5796296090116972,1,1
2025-08-15,1.0,0.6014789795048575,1,1
2025-08-18,0.0,0.6504052916509171,1,1
2025-08-19,1.0,0.6230179342258416,1,1
2025-08-20,1.0,0.578101447473689,1,1
2025-08-21,1.0,0.6113178691431983,1,1
2025-08-22,0.0,0.5206658165571371,1,1
2025-08-25,0.0,0.6107887620218612,1,1
2025-08-26,0.0,0.6088049669478525,1,1
2025-08-27,1.0,0.6092333234771306,1,1
2025-08-28,0.0,0.5867614203473884,1,1
2025-08-29,1.0,0.5723822428009038,1,1
2025-09-02,1.0,0.5610376507570021,1,1
2025-09-03,1.0,0.5790815174641093,1,1
2025-09-04,1.0,0.577278978943272,1,1
2025-09-05,1.0,0.5485752332784894,1,1
2025-09-08,1.0,0.6048996747893397,1,1
2025-09-09,1.0,0.5852046463661896,1,1
2025-09-10,1.0,0.5343362530902626,1,1
2025-09-11,1.0,0.524110045515857,1,1
2025-09-12,1.0,0.5519501873071258,1,1
2025-09-15,1.0,0.5552541727842659,1,1
2025-09-16,1.0,0.6025689443210888,1,1
2025-09-17,1.0,0.5115139477433556,1,1
2025-09-18,0.0,0.5424445302483929,1,1
2025-09-19,0.0,0.5236883423804397,1,1
2025-09-22,0.0,0.5344715914111906,1,1
2025-09-23,1.0,0.5423298745820313,1,1
2025-09-24,1.0,0.5907036375582151,1,1
2025-09-25,1.0,0.5493457700879012,1,1
2025-09-26,1.0,0.5839050520308464,1,1
2025-09-29,1.0,0.5845169792590117,1,1
2025-09-30,1.0,0.5446151528543512,1,1
2025-10-01,1.0,0.5872789380198447,1,1
2025-10-02,1.0,0.6191407493303083,1,1
2025-10-03,0.0,0.6089753710176091,1,1
2025-10-06,0.0,0.6284819651999443,1,1
2025-10-07,0.0,0.6116531010197813,1,1
2025-10-08,0.0,0.6201385686331293,1,1
2025-10-09,0.0,0.6308240661897381,1,1
2025-10-10,1.0,0.5572979516786823,1,1
2025-10-13,1.0,0.5607103292889619,1,1
2025-10-14,1.0,0.5761031713707263,1,1
2025-10-15,1.0,0.565972686711211,1,1
2025-10-16,1.0,0.5561629799436998,1,1
2025-10-17,1.0,0.5374942618714907,1,1
2025-10-20,1.0,0.579467090310616,1,1
2025-10-21,1.0,0.6098201077146957,1,1
2025-10-22,1.0,0.5965631974558816,1,1
2025-10-23,1.0,0.5901389198659743,1,1
2025-10-24,1.0,0.6000690591724667,1,1
2025-10-27,0.0,0.594193358683935,1,1
2025-10-28,0.0,0.6145529483781498,1,1
2025-10-29,0.0,0.5802918727455544,1,1
2025-10-30,0.0,0.5805868126958034,1,1
2025-10-31,0.0,0.5582573851692753,1,1
2025-11-03,0.0,0.6034054759987008,1,1
2025-11-04,1.0,0.6212115443863132,1,1
2025-11-05,1.0,0.5863074507756795,1,1
2025-11-06,1.0,0.6125252708251312,1,1
2025-11-07,1.0,0.578786281321844,1,1
2025-11-10,0.0,0.58545812013997,1,1
2025-11-11,0.0,0.6262538738781369,1,1
2025-11-12,0.0,0.6241353478776818,1,1
2025-11-13,0.0,0.5881161813427559,1,1
2025-11-14,0.0,0.5896109129340835,1,1
2025-11-17,1.0,0.626809849400222,1,1
2025-11-18,1.0,0.5882831181017132,1,1
2025-11-19,1.0,0.5940014523828632,1,1
2025-11-20,1.0,0.5486040041454031,1,1
2025-11-21,1.0,0.5486259977314564,1,1
2025-11-24,1.0,0.621138956726813,1,1
2025-11-25,1.0,0.6231717540873968,1,1
2025-11-26,1.0,0.6320659940187705,1,1
2025-11-28,1.0,0.6612960540131749,1,1
2025-12-01,1.0,0.6820043063771851,1,1
2025-12-02,1.0,0.6799149776635169,1,1
2025-12-03,1.0,0.6299676045731036,1,1
2025-12-04,1.0,0.6092220268416858,1,1
2025-12-05,0.0,0.6028302325772329,1,1
2025-12-08,0.0,0.6213719717722717,1,1
2025-12-09,0.0,0.5940342870737055,1,1
2025-12-10,0.0,0.5541590296236405,1,1
2025-12-11,0.0,0.5188592852004522,1,1
2025-12-12,0.0,0.555971146277165,1,1
2025-12-15,1.0,0.5838008304896949,1,1
2025-12-16,1.0,0.5842519217810471,1,1
2025-12-17,1.0,0.6486152830625478,1,1
2025-12-18,1.0,0.6184187239778257,1,1
2025-12-19,1.0,0.6001089165797765,1,1
2025-12-22,1.0,0.6271401821938405,1,1
2025-12-23,0.0,0.6259330525075958,1,1
2025-12-24,0.0,0.6373771206653918,1,1
2025-12-26,0.0,0.6402744934901523,1,1
2025-12-29,1.0,0.6246490967854132,1,1
2025-12-30,1.0,0.6444858695792673,1,1
2025-12-31,1.0,0.6477980330121642,1,1
2026-01-02,1.0,0.622946643105048,1,1
2026-01-05,1.0,0.6013901055670545,1,1
2026-01-06,1.0,0.5883628539431967,1,1
2026-01-07,1.0,0.5981021379522179,1,1
2026-01-08,1.0,0.5678758026117121,1,1
2026-01-09,0.0,0.5339788314211904,1,1
2026-01-12,0.0,0.569956358526596,1,1
2026-01-13,0.0,0.5904682183060477,1,1
2026-01-14,0.0,0.6009872241950958,1,1
2026-01-15,0.0,0.6135845550778761,1,1
2026-01-16,1.0,0.6327679237480138,1,1
2026-01-20,1.0,0.6306698742390354,1,1
2026-01-21,1.0,0.5377330400631007,1,1
2026-01-22,1.0,0.5893189722400919,1,1
2026-01-23,1.0,0.6172804824496436,1,1
2026-01-26,1.0,0.619185704339778,1,1
2026-01-27,0.0,0.6245616717507572,1,1
2026-01-28,0.0,0.6244475838587108,1,1
2026-01-29,0.0,0.5822191752567163,1,1
2026-01-30,0.0,0.6075702885299238,1,1
2026-02-02,0.0,0.6265068602864658,1,1
2026-02-03,1.0,0.6096646667518801,1,1
2026-02-04,1.0,0.6067847004107322,1,1
2026-02-05,1.0,0.6285606837169045,1,1
2026-02-06,0.0,0.5901169125268397,1,1
2026-02-09,0.0,0.5901816245432157,1,1
2026-02-10,0.0,0.6265286102569919,1,1
2026-02-11,0.0,0.6147451627319618,1,1
2026-02-12,1.0,0.5933666608239208,1,1
2026-02-13,1.0,0.621463683980903,1,1
2026-02-17,1.0,0.7187115334801222,1,1
2026-02-18,1.0,0.7291627618903528,1,1
2026-02-19,1.0,0.7460852150314525,1,1
2026-02-20,0.0,0.5787163000754728,1,1
2026-02-23,1.0,0.7046561289385593,1,1
2026-02-24,0.0,0.6824715060562767,1,1
2026-02-25,0.0,0.6928840107536973,1,1
2026-02-26,0.0,0.6748702227786191,1,1
2026-02-27,0.0,0.6972775617548262,1,1
2026-03-02,0.0,0.6870920504153283,1,1
2026-03-03,0.0,0.686599109523347,1,1
2026-03-04,0.0,0.7016438590613387,1,1
2026-03-05,0.0,0.657022690618574,1,1
2026-03-06,0.0,0.6918286513393274,1,1
2026-03-09,0.0,0.6295497872536999,1,1
2026-03-10,0.0,0.677453260098307,1,1
2026-03-11,0.0,0.7005955542777086,1,1
2026-03-12,0.0,0.6851051531920515,1,1
2026-03-13,0.0,0.672716876834111,1,1
2026-03-16,0.0,0.6737718768999154,1,1
2026-03-17,0.0,0.6909463524972156,1,1
2026-03-18,0.0,0.7152613499565933,1,1
2026-03-19,0.0,0.63939358702129,1,1
2026-03-20,0.0,0.611116130829245,1,1
2026-03-23,0.0,0.5961306413278746,1,1
2026-03-24,0.0,0.6686503852941176,1,1
2026-03-25,0.0,0.6343463541652037,1,1
2026-03-26,1.0,0.6661142433074285,1,1
2026-03-27,1.0,0.66004902929152,1,1
2026-03-30,1.0,0.6512753791882757,1,1
2026-03-31,1.0,0.5065444421007642,1,1
2026-04-01,1.0,0.5946284382237702,1,1
2026-04-02,1.0,0.6213887349388697,1,1
2026-04-06,1.0,0.6425372753608275,1,1
2026-04-07,1.0,0.5844525640986821,1,1
2026-04-08,1.0,0.5187829340968151,1,1
2026-04-09,1.0,0.5971993614936195,1,1
2026-04-10,1.0,0.6102766062154448,1,1
2026-04-13,1.0,0.5857029971498537,1,1
2026-04-14,1.0,0.5508037053716972,1,1
2026-04-15,1.0,0.5680678139606574,1,1
2026-04-16,1.0,0.5720963712063065,1,1
2026-04-17,1.0,0.5445504689971715,1,1
2026-04-20,1.0,0.5578530486832514,1,1
2026-04-21,1.0,0.5757549350882284,1,1
2026-04-22,1.0,0.5668196067084277,1,1
2026-04-23,1.0,0.5827584687582231,1,1
2026-04-24,1.0,0.5969191337896597,1,1
2026-04-27,1.0,0.6316731515023523,1,1
2026-04-28,1.0,0.6444380191684903,1,1
2026-04-29,1.0,0.622618508947331,1,1
2026-04-30,1.0,0.5455189150903342,1,1
2026-05-01,1.0,0.6107719515040781,1,1
2026-05-04,1.0,0.6213070696459325,1,1
2026-05-05,1.0,0.6202483710055892,1,1
2026-05-06,1.0,0.5696910877786817,1,1
2026-05-07,1.0,0.6198738045293348,1,1
2026-05-08,1.0,0.6111196181015435,1,1
2026-05-11,0.0,0.5951799204258826,1,1
2026-05-12,0.0,0.5752984055994524,1,1
2026-05-13,0.0,0.5798354768434315,1,1
2026-05-14,0.0,0.5692644970836216,1,1
2026-05-15,1.0,0.5723182823307041,1,1
2026-05-18,1.0,0.5856491193723865,1,1
2026-05-19,1.0,0.5842996902184329,1,1
2026-05-20,1.0,0.5865687659660886,1,1
2026-05-21,1.0,0.6247369488327379,1,1
2026-05-22,1.0,0.5977864130740623,1,1
2026-05-26,1.0,0.6020943462366769,1,1
2026-05-27,1.0,0.619970747668851,1,1
2026-05-28,1.0,0.6148360318665719,1,1
2026-05-29,0.0,0.5541346777118441,1,1
2026-06-01,0.0,0.611552027640564,1,1
2026-06-02,0.0,0.6635244432486886,1,1
2026-06-03,0.0,0.5994636373401472,1,1
2026-06-04,0.0,0.5808674625965004,1,1
2026-06-05,1.0,0.549549164190203,1,1
2026-06-08,1.0,0.6006663345717316,1,1
2026-06-09,1.0,0.5244953513424215,1,1
2026-06-10,1.0,0.6251797555172489,1,1
2026-06-11,1.0,0.5103285766267355,1,1
2026-06-12,1.0,0.5587338032747895,1,1
2026-06-15,0.0,0.55371939721911,1,1
2026-06-16,0.0,0.5886317428618377,1,1
2026-06-17,0.0,0.5703079582230366,1,1
2026-06-18,0.0,0.5511330946502148,1,1
2026-06-22,0.0,0.6304569511686162,1,1
2026-06-23,1.0,0.631257881768661,1,1
2026-06-24,1.0,0.6034947021568844,1,1
2026-06-25,1.0,0.5949675362270327,1,1
2026-06-26,1.0,0.5631269397399766,1,1
2026-06-29,1.0,0.5358243877778966,1,1
2026-06-30,0.0,0.537475720515992,1,1
2026-07-01,1.0,0.5589911112259314,1,1
2026-07-02,1.0,0.5608231236612008,1,1
2026-07-06,0.0,0.5456604366970534,1,1
2026-07-07,1.0,0.6587075926819206,1,1
2026-07-08,1.0,0.6477723404049995,1,1
2026-07-09,0.0,0.612488777890828,1,1
2026-07-10,0.0,0.6362095888277983,1,1
2026-07-13,0.0,0.6431204383218974,1,1
2026-07-14,0.0,0.6012922090634817,1,1
2026-07-15,0.0,0.5509089939702693,1,1
2026-07-16,0.0,0.5856358184924487,1,1
2026-07-17,0.0,0.5708276816193449,1,1
2026-07-20,0.0,0.5841693437315059,1,1
2026-07-21,0.0,0.6280768286713141,1,1
